,placename,hotel_name,hotel_bookingdotcom_page,user_rating,hotel_lat,hotel_lon,hotel_description,place_id,POI_lon,POI_lat,mean_max_temp_over_next_7_days,mean_cloud_cover_over_next_7_days,mean_POP_over_next_7_days,bad_weather_score
0,Mont Saint Michel,Hôtel Vert,https://www.booking.com/hotel/fr/vert.fr.html,8.1,48.61470048629041,-1.5096169710159302,"L’Hotel Vert vous propose des chambres décorées dans des tons pastel, dotées d’une salle de bains privative, d’une télévision ainsi que d’une connexion Wi-Fi gratuite. ",msm,-1.51146,48.6359541,18.332500000000003,51.875,18.332500000000003,36.366388888888885
1,Mont Saint Michel,Le Relais Saint Michel,https://www.booking.com/hotel/fr/le-relais-saint-michel.fr.html,8.2,48.6175872716489,-1.51039615273476,Le Relais Saint Michel vous accueille face à la baie du Mont-Saint-Michel. ,msm,-1.51146,48.6359541,18.332500000000003,51.875,18.332500000000003,36.366388888888885
2,Mont Saint Michel,Hotel Gabriel,https://www.booking.com/hotel/fr/hotel-gabriel.fr.html,8.3,48.61538141368341,-1.510709971189499,Hotel Gabriel is located 1.6 Km from Mont Saint-Michel. It offers free Wi-Fi access and en suite rooms just a 25-minute walk from the walls of the old city. ,msm,-1.51146,48.6359541,18.332500000000003,51.875,18.332500000000003,36.366388888888885
3,Mont Saint Michel,Mercure Mont Saint Michel,https://www.booking.com/hotel/fr/mont-saint-michel.fr.html,8.3,48.61424652959294,-1.510545015335083,"Installé dans des espaces verts à seulement 2 km de l'abbaye du Mont-Saint-Michel, le Mercure Mont Saint Michel propose des chambres spacieuses avec salle de bains privative, un bar-restaurant et de...",msm,-1.51146,48.6359541,18.332500000000003,51.875,18.332500000000003,36.366388888888885
4,Mont Saint Michel,Le Relais Du Roy,https://www.booking.com/hotel/fr/le-relais-du-roy.fr.html,8.3,48.61626270451236,-1.510905772447586,"Le Relais Du Roy est un hôtel 3 étoiles situé au bord du Couesnon, à seulement 1,5 km du Mont Saint-Michel et à 50 mètres de la navette gratuite. ",msm,-1.51146,48.6359541,18.332500000000003,51.875,18.332500000000003,36.366388888888885
5,Mont Saint Michel,Le Saint Aubert,https://www.booking.com/hotel/fr/hotel-saint-aubert.fr.html,7.6,48.612937834706464,-1.5101051330566406,"Niché dans un écrin de verdure, à seulement 2 km du Mont-Saint-Michel, Le Saint Aubert vous accueille dans un cadre chaleureux et convivial. ",msm,-1.51146,48.6359541,18.332500000000003,51.875,18.332500000000003,36.366388888888885
6,Mont Saint Michel,Les Terrasses Poulard,https://www.booking.com/hotel/fr/les-terrasses-poulard.fr.html,7.3,48.63534942564122,-1.5103787183761597,"Occupant 2 bâtiments différents au cœur du Mont-Saint-Michel, l’établissement historique Les Terrasses Poulard propose des hébergements avec une vue sur la baie, le village et la rue. ",msm,-1.51146,48.6359541,18.332500000000003,51.875,18.332500000000003,36.366388888888885
7,Mont Saint Michel,La Mère Poulard,https://www.booking.com/hotel/fr/la-mere-poulard.fr.html,7.6,48.63508531723403,-1.5105396509170532,"Séjournez dans un hôtel historique au cœur du Mont Saint-Michel. L'Hôtel La Mère Poulard, situé au cœur du Mont Saint-Michel, a conservé le charme authentique des auberges traditionnelles d'autrefois....",msm,-1.51146,48.6359541,18.332500000000003,51.875,18.332500000000003,36.366388888888885
8,Mont Saint Michel,Le Mouton Blanc,https://www.booking.com/hotel/fr/le-mouton-blanc-le-mont-saint-michel.fr.html,7.2,48.63602298444712,-1.509895920753479,"Situé au pied de l’abbaye, l’hôtel Le Mouton Blanc vous accueille dans son bâtiment historique datant du XIVe siècle. Il propose des chambres confortables à la décoration simple et chaleureuse. ",msm,-1.51146,48.6359541,18.332500000000003,51.875,18.332500000000003,36.366388888888885
9,Mont Saint Michel,Appart Standing - La Coque d'Or,https://www.booking.com/hotel/fr/la-coque-d-or.fr.html,9.6,48.6354874,-1.5101555,"L’hébergement Appart Standing - La Coque d'Or vous accueille au Mont-Saint-Michel, à respectivement 200 mètres, quelques pas et 29 km de ces lieux d’intérêt : Abbaye du Mont Saint Michel, Mont...",msm,-1.51146,48.6359541,18.332500000000003,51.875,18.332500000000003,36.366388888888885
10,St Malo,L'Hôtel Particulier Ascott,https://www.booking.com/hotel/fr/ascott.fr.html,9.2,48.63112529789551,-2.010825276374817,"Entièrement rénové, l'établissement L'Hôtel Particulier Ascott occupe un ancien manoir du XIXe siècle, situé dans le quartier résidentiel de Saint-Servan, à l'embouchure de la Rance. ",sml,-96.9538228,49.314695,12.72625,50.5,12.72625,40.26847222222222
11,St Malo,Hôtel Bristol Union Intra Muros,https://www.booking.com/hotel/fr/bristol-union.fr.html,9.1,48.64961099853388,-2.024303376674652,"L’Hôtel Bristol Union Intra Muros est situé au cœur de Saint-Malo, dans l’enceinte des remparts de la vieille ville, à 180 mètres du port de plaisance. ",sml,-96.9538228,49.314695,12.72625,50.5,12.72625,40.26847222222222
12,St Malo,Hôtel Le Nautilus,https://www.booking.com/hotel/fr/le-nautilus.fr.html,9.4,48.650727056010815,-2.0249454730163734,"L’Hôtel Le Nautilus occupe un bâtiment rénové du XVIIe siècle situé dans la ville fortifiée de Saint-Malo. Cet hôtel dispose d’un bar, d’une bagagerie et d’un salon commun. ",sml,-96.9538228,49.314695,12.72625,50.5,12.72625,40.26847222222222
13,St Malo,Château Hôtel Du Colombier,https://www.booking.com/hotel/fr/chateau-du-colombie.fr.html,9.1,48.638587743159896,-1.96755051612854,"Niché au cœur d'un parc de 6 hectares à seulement 5 minutes en voiture de la plage, le Château Hôtel Du Colombier, qui date du XVIIIe siècle, allie charme historique et confort moderne. ",sml,-96.9538228,49.314695,12.72625,50.5,12.72625,40.26847222222222
14,St Malo,Golden Tulip Saint Malo– Le Grand Bé,https://www.booking.com/hotel/fr/golden-tulip-saint-malo.fr.html,8.6,48.6495690720354,-2.02686496197134,"Le Golden Tulip Saint Malo– Le Grand Bé est situé au sein des remparts de Saint-Malo, à 5 minutes à pied du port. ",sml,-96.9538228,49.314695,12.72625,50.5,12.72625,40.26847222222222
15,St Malo,ibis Styles Saint Malo Port,https://www.booking.com/hotel/fr/ibis-styles-saint-malo-port.fr.html,8.3,48.63962613573007,-2.012365314358476,"Doté d'un snack-bar et d'une connexion Wi-Fi gratuite, l'établissement ibis Styles Saint Malo Port est situé à Saint-Malo, à moins de 10 minutes à pied des plages de sable, à 1 km de la gare ainsi...",sml,-96.9538228,49.314695,12.72625,50.5,12.72625,40.26847222222222
16,St Malo,Kyriad Prestige Saint-Malo,https://www.booking.com/hotel/fr/kyriad-prestige-saint-malo-xml.fr.html,8.8,48.63609920237719,-1.9892066717147827,Le Kyriad Prestige Saint-Malo se trouve à 4 km du centre historique Intra-muros et des plages. Un parking sécurisé est disponible gratuitement. ,sml,-96.9538228,49.314695,12.72625,50.5,12.72625,40.26847222222222
17,St Malo,Hôtel Ar Iniz,https://www.booking.com/hotel/fr/ar-iniz.fr.html,8.6,48.66167887690836,-1.9916501641273496,"Providing a direct access to the Sillon Beach, Hôtel Ar Iniz offers a regional restaurant, a bar and a terrace with a view of the sea. The modern-style hotel is situated 1.5 km from the city centre. ",sml,-96.9538228,49.314695,12.72625,50.5,12.72625,40.26847222222222
18,St Malo,Hôtel L'Adresse - Entièrement rénové,https://www.booking.com/hotel/fr/adresse.fr.html,8.8,48.65210596051072,-2.0171231031417847,"L’Hôtel L'Adresse propose un hébergement indépendant, à 30 mètres de la plage du Sillon, à 300 mètres du centre-ville de Saint-Malo et à 500 mètres du port de plaisance de Saint-Malo. ",sml,-96.9538228,49.314695,12.72625,50.5,12.72625,40.26847222222222
19,St Malo,La Maison des Armateurs,https://www.booking.com/hotel/fr/la-maison-des-armateurs.fr.html,8.8,48.64920520114247,-2.024633288383484,"Situé dans le centre historique de Saint-Malo, l’établissement La Maison des Armateurs vous accueille à 5 minutes à pied de la cathédrale et à 120 mètres du port de plaisance. ",sml,-96.9538228,49.314695,12.72625,50.5,12.72625,40.26847222222222
20,Bayeux,Domaine de Bayeux,https://www.booking.com/hotel/fr/domaine-de-bayeux.fr.html,9.3,49.27232559999999,-0.6985101000000213,Le Domaine de Bayeux occupe une maison du XVIIIe siècle avec un parc arboré dans le centre de Bayeux. ,byx,-0.7024738,49.2764624,17.36125,81.75,17.36125,47.08013888888888
21,Bayeux,Villa Lara Hotel,https://www.booking.com/hotel/fr/villa-lara-ha-tel.fr.html,9.6,49.27551885808722,-0.700964480638504,"La Villa Lara Hotel est un petit boutique hôtel de luxe situé dans le centre historique de Bayeux, en face de la cathédrale du XIe siècle et à seulement 2 minutes à pied de la Tapisserie de Bayeux. ",byx,-0.7024738,49.2764624,17.36125,81.75,17.36125,47.08013888888888
22,Bayeux,Hôtel De Brunville & Spa,https://www.booking.com/hotel/fr/hoteldebrunville.fr.html,8.0,49.27815768633019,-0.7035139203071594,"Situé à seulement 400 mètres de la cathédrale de Bayeux, l’Hôtel De Brunville & Spa propose une piscine extérieure chauffée et un jacuzzi accessibles toute l'année. ",byx,-0.7024738,49.2764624,17.36125,81.75,17.36125,47.08013888888888
23,Bayeux,Hotel Le Lion D'Or et Restaurant La Table Du Lion,https://www.booking.com/hotel/fr/le-lion-d-or-bayeux.fr.html,8.6,49.27627832312484,-0.6983694434165955,"Occupant un ancien bureau de poste du XVIIIe siècle, l'Hotel Le Lion D'Or et Restaurant La Table Du Lion est désormais un établissement charmant situé dans l'un des plus anciens quartiers de Bayeux. ",byx,-0.7024738,49.2764624,17.36125,81.75,17.36125,47.08013888888888
24,Bayeux,Hotel Reine Mathilde,https://www.booking.com/hotel/fr/reine-mathilde-bayeux.fr.html,8.5,49.276031585766006,-0.7017248868942261,"L'hôtel Reine Mathilde se situe dans le quartier médiéval de Bayeux, à seulement 300 mètres du musée de la Tapisserie. ",byx,-0.7024738,49.2764624,17.36125,81.75,17.36125,47.08013888888888
25,Bayeux,Hôtel d'Argouges,https://www.booking.com/hotel/fr/d-argouges.fr.html,8.7,49.27899410241933,-0.7084169983863831,"L'Hôtel d'Argouges est un établissement du XVIIIe siècle situé au cœur de Bayeux. Il est à l'écart de la route, vous permettant de profiter pleinement du calme de la campagne. ",byx,-0.7024738,49.2764624,17.36125,81.75,17.36125,47.08013888888888
26,Bayeux,Belle Normandy,https://www.booking.com/hotel/fr/clos-des-cordeliers.fr.html,8.8,49.27446149480972,-0.7079898076568525,"L’établissement Belle Normandy se trouve à Bayeux, à 600 mètres de ce lieu d’intérêt : Cathédrale Notre-Dame de Bayeux. Il propose un jardin, une terrasse, un bar et un parking privé. ",byx,-0.7024738,49.2764624,17.36125,81.75,17.36125,47.08013888888888
27,Bayeux,Le Declic,https://www.booking.com/hotel/fr/le-mogador-bayeux.fr.html,8.0,49.27933593079586,-0.7070561004303499,"L'établissement Le Declic est situé à Bayeux, à 100 mètres de la cathédrale Notre-Dame de Bayeux et à 15 km de la plage d'Omaha. ",byx,-0.7024738,49.2764624,17.36125,81.75,17.36125,47.08013888888888
28,Bayeux,La Maison de Mathilde,https://www.booking.com/hotel/fr/la-maison-de-mathilde.fr.html,8.9,49.27647467688673,-0.7024700846557153,"La Maison de Mathilde vous accueille à Bayeux, à 100 mètres du musée Baron Gérard et à 200 mètres du musée de la Tapisserie de Bayeux. ",byx,-0.7024738,49.2764624,17.36125,81.75,17.36125,47.08013888888888
29,Bayeux,Hôtel Le Saint Patrice,https://www.booking.com/hotel/fr/saint-patrice.fr.html,8.2,49.27981023429335,-0.7106749165699284,"L’établissement 2 étoiles Hôtel Le Saint Patrice vous accueille à Bayeux, à respectivement 800 mètres et 1,2 km de ces lieux d’intérêt : Musée d'art et d'histoire Baron Gérard et Musée de la...",byx,-0.7024738,49.2764624,17.36125,81.75,17.36125,47.08013888888888
30,Le Havre,Hilton Garden Inn Le Havre Centre,https://www.booking.com/hotel/fr/hilton-garden-inn-le-havre-centre.fr.html,8.5,49.49008699,0.097746957,"Situé en bord de mer, l’établissement Hilton Garden Inn Le Havre Centre propose des hébergements 4 étoiles au Havre. Il comprend une salle de sport, une terrasse et un restaurant. ",lhv,0.1079732,49.4938975,17.02,82.0,17.02,47.428888888888885
31,Le Havre,B&B HOTEL Le Havre Centre,https://www.booking.com/hotel/fr/campanile-le-havre-centre.fr.html,8.4,49.498238,0.128837,"L’B&B HOTEL Le Havre Centre, situé dans le centre-ville du Havre et à 600 mètres de la gare SNCF, vous accueille pour un séjour professionnel et de loisirs. ",lhv,0.1079732,49.4938975,17.02,82.0,17.02,47.428888888888885
32,Le Havre,Nomad Hotel le Havre Centre Gare,https://www.booking.com/hotel/fr/nomad-le-havre.fr.html,8.5,49.49331760456112,0.125306883397684,"Le Nomad Hotel le Havre Centre Gare propose des chambres climatisées, dotées d'une connexion Wi-Fi gratuite et décorées dans un style moderne. ",lhv,0.1079732,49.4938975,17.02,82.0,17.02,47.428888888888885
33,Le Havre,ibis Le Havre Centre,https://www.booking.com/hotel/fr/hotelibislehavre.fr.html,8.1,49.4916414175279,0.1187601685523986,"L'ibis Le Havre Centre est situé dans le centre-ville du Havre, à proximité de la gare SNCF, du port ferry et du centre du commerce international. Une connexion Wi-Fi gratuite est disponible. ",lhv,0.1079732,49.4938975,17.02,82.0,17.02,47.428888888888885
34,Le Havre,Hotel de Charme La Bonne Adresse - Logis hotels,https://www.booking.com/hotel/fr/des-phares.fr.html,8.5,49.50318944974505,0.0888213515281677,"Situé à seulement 150 mètres des plages du Havre, l'Hotel de Charme La Bonne Adresse - Logis hotels se trouve dans un quartier résidentiel de Sainte-Adresse. ",lhv,0.1079732,49.4938975,17.02,82.0,17.02,47.428888888888885
35,Le Havre,Hotel Spa Le Pasino,https://www.booking.com/hotel/fr/pasino.fr.html,8.2,49.49117449151481,0.1119366288185119,"Situé au cœur du Havre, l'Hotel Spa le Pasino dispose d'une piscine intérieure, d'un spa avec un sauna et d'un casino sur place. ",lhv,0.1079732,49.4938975,17.02,82.0,17.02,47.428888888888885
36,Le Havre,Birgit Hôtel Le Havre Centre,https://www.booking.com/hotel/fr/kyriadlehavrecentre.fr.html,8.4,49.49308920830414,0.130961537361145,"Bienvenue à Birgit ! Pour visiter Le Havre, rien de mieux que de séjourner dans cet hôtel de 86 chambres entièrement rénové en 2022. ",lhv,0.1079732,49.4938975,17.02,82.0,17.02,47.428888888888885
37,Le Havre,JOST Hôtel Le Havre Centre Gare,https://www.booking.com/hotel/fr/jost-le-havre.fr.html,8.6,49.493988,0.1227326,"L’établissement JOST Hôtel Le Havre Centre Gare se situe au Havre, à 2,3 km de ce lieu d’intérêt : Plage du Havre. ",lhv,0.1079732,49.4938975,17.02,82.0,17.02,47.428888888888885
38,Le Havre,Hôtel Lilybloom,https://www.booking.com/hotel/fr/la-grande-ecole-le-havre.fr.html,8.7,49.488378,0.108705,"L’établissement Hôtel Lilybloom se trouve au Havre, à 1,5 km de ce lieu d’intérêt : Plage du Havre. Il offre une vue sur le jardin et comprend une terrasse et un bar. ",lhv,0.1079732,49.4938975,17.02,82.0,17.02,47.428888888888885
39,Le Havre,Hôtel Spa Vent d'Ouest,https://www.booking.com/hotel/fr/vent-d-ouest-le-havre.fr.html,8.5,49.49141927977486,0.1007075607776641,"L’Hôtel Spa Vent d’Ouest se situe au Havre, à seulement 550 mètres de la plage et à 5 minutes de route du terminal ferry. ",lhv,0.1079732,49.4938975,17.02,82.0,17.02,47.428888888888885
40,Rouen,Novotel Rouen Centre Cathédrale,https://www.booking.com/hotel/fr/novotel-rouen-centre-cathedrale.fr.html,8.5,49.4388505,1.0899553,"L’établissement Novotel Rouen Centre Cathédrale vous accueille à Rouen, à 600 mètres de ce lieu d’intérêt : Cathédrale Notre-Dame de Rouen. ",ron,1.0939658,49.4404591,17.121250000000003,75.375,17.121250000000003,45.14180555555555
41,Rouen,Aparthotel Adagio Access Rouen Centre Cathédrale,https://www.booking.com/hotel/fr/aparthotel-adagio-access-rouen-centre-cathedrale.fr.html,8.6,49.439067,1.089627,L’établissement Aparthotel Adagio Access Rouen Centre Cathédrale est idéalement placé dans le centre de Rouen. ,ron,1.0939658,49.4404591,17.121250000000003,75.375,17.121250000000003,45.14180555555555
42,Rouen,Hyatt Place Rouen,https://www.booking.com/hotel/fr/hyatt-place-rouen.fr.html,8.6,49.45328564064136,1.09828529731665,"L’établissement Hyatt Place Rouen vous accueille à Rouen, à 900 mètres de ce lieu d’intérêt : Gare de Rouen-Rive-Droite. Il comprend un jardin, une terrasse, un restaurant et un parking privé. ",ron,1.0939658,49.4404591,17.121250000000003,75.375,17.121250000000003,45.14180555555555
43,Rouen,KYRIAD ROUEN SUD - Sotteville les Rouen,https://www.booking.com/hotel/fr/kyriad-rouen-sud.fr.html,8.0,49.421793,1.106844,"L’établissement KYRIAD ROUEN SUD - Sotteville les Rouen vous accueille à Rouen, à 1,6 km de ce lieu d’intérêt : Hotel de ville de Soteville Station, Rouen. ",ron,1.0939658,49.4404591,17.121250000000003,75.375,17.121250000000003,45.14180555555555
44,Rouen,"Radisson Blu Hotel, Rouen Centre",https://www.booking.com/hotel/fr/radisson-blu-rouen-centre.fr.html,8.9,49.446441,1.09412,"L’établissement Radisson Blu Hotel, Rouen Centre est idéalement placé dans le centre de Rouen. ",ron,1.0939658,49.4404591,17.121250000000003,75.375,17.121250000000003,45.14180555555555
45,Rouen,Ibis Styles Rouen Centre Rive Gauche,https://www.booking.com/hotel/fr/ibis-styles-rouen-centre-rive-gauche.fr.html,8.3,49.42498665756126,1.0686087460327045,"L’établissement Ibis Styles Rouen Centre Rive Gauche se situe à Rouen, à 1,9 km de ce lieu d’intérêt : Voltaire Station, Rouen. Il possède une terrasse, un bar et un parking privé. ",ron,1.0939658,49.4404591,17.121250000000003,75.375,17.121250000000003,45.14180555555555
46,Rouen,Holiday Inn Express - Rouen Centre - Rive Gauche by IHG,https://www.booking.com/hotel/fr/holiday-inn-express-rouen-centre-rive-gauche.fr.html,8.4,49.429988,1.072398,"Situé à Rouen, l’établissement Holiday Inn Express - Rouen Centre - Rive Gauche by IHG comprend une connexion Wi-Fi gratuite et un enregistrement/départ rapide. ",ron,1.0939658,49.4404591,17.121250000000003,75.375,17.121250000000003,45.14180555555555
47,Rouen,ibis budget Rouen Centre Rive Gauche,https://www.booking.com/hotel/fr/ibis-budget-rouen-centre-rive-gauche.fr.html,8.3,49.425341,1.068718,"L'Hotel ibis budget Rouen Centre Rive Gauche Gauche se situe à Rouen, à 2,4 km du Kindarena, le palais des sports de la ville. ",ron,1.0939658,49.4404591,17.121250000000003,75.375,17.121250000000003,45.14180555555555
48,Rouen,ibis Rouen Centre Champ de Mars,https://www.booking.com/hotel/fr/ibis-rouen-champ-de-mars.fr.html,8.0,49.43572312061268,1.102731227874756,"Situé à seulement 10 minutes à pied du centre de Rouen, l’ibis Rouen Centre Champ de Mars dispose d’un sauna et d’une réception ouverte 24h/24. ",ron,1.0939658,49.4404591,17.121250000000003,75.375,17.121250000000003,45.14180555555555
49,Rouen,Le Vieux Carré,https://www.booking.com/hotel/fr/le-vieux-carre.fr.html,8.1,49.4433271352408,1.0945739597082138,"L'hôtel Le Vieux Carré est situé dans le centre de Rouen, dans une zone piétonne, à seulement 850 mètres de la gare de Rouen-Rive-Droite. ",ron,1.0939658,49.4404591,17.121250000000003,75.375,17.121250000000003,45.14180555555555
50,Paris,Too Hotel & Spa Paris - MGallery Collection,https://www.booking.com/hotel/fr/too-paris-mgallery.fr.html,9.0,48.82542397136288,2.382372175254832,"L’établissement Too Hotel & Spa Paris - MGallery Collection se situe à Paris, à 3,6 km de ce lieu d’intérêt : Gare de Lyon. ",prs,2.320041,48.8588897,17.35875,57.0,17.35875,38.83208333333333
51,Paris,SO/ Paris Hotel,https://www.booking.com/hotel/fr/so-paris.fr.html,9.0,48.850212,2.362765,L’établissement SO/ Paris Hotel bénéficie d’un emplacement attractif à Paris. ,prs,2.320041,48.8588897,17.35875,57.0,17.35875,38.83208333333333
52,Paris,Drawing House,https://www.booking.com/hotel/fr/drawing-house.fr.html,9.0,48.837362,2.319906,"L’établissement Drawing House se situe à Paris, à 2,6 km de ce lieu d’intérêt : Musée Rodin. ",prs,2.320041,48.8588897,17.35875,57.0,17.35875,38.83208333333333
53,Paris,La Demeure Montaigne,https://www.booking.com/hotel/fr/la-demeure-montaigne.fr.html,9.0,48.867792,2.303308,L’établissement La Demeure Montaigne bénéficie d’un emplacement de choix à Paris. ,prs,2.320041,48.8588897,17.35875,57.0,17.35875,38.83208333333333
54,Paris,Hôtel La Canopée,https://www.booking.com/hotel/fr/la-canopee-paris.fr.html,9.0,48.872866,2.316524,"L’établissement Hôtel La Canopée bénéficie d’un emplacement stratégique à Paris. Il comprend une connexion Wi-Fi gratuite, un jardin, une terrasse des hébergements dotés de la climatisation. ",prs,2.320041,48.8588897,17.35875,57.0,17.35875,38.83208333333333
55,Paris,Hôtel Le Milie Rose,https://www.booking.com/hotel/fr/le-milie-rose.fr.html,9.0,48.87368,2.352085,"L’établissement Hôtel Le Milie Rose vous accueille à Paris, à 1 km de ce lieu d’intérêt : Gare du Nord. ",prs,2.320041,48.8588897,17.35875,57.0,17.35875,38.83208333333333
56,Paris,Paris j'Adore Hotel & Spa,https://www.booking.com/hotel/fr/paris-j-39-adore-amp-spa.fr.html,9.1,48.882529,2.319161,"L’établissement Paris j'Adore Hotel & Spa se situe à Paris, à 1 km de ce lieu d’intérêt : Gare Saint-Lazare. Il offre une vue sur la ville et possède un restaurant et un bar. ",prs,2.320041,48.8588897,17.35875,57.0,17.35875,38.83208333333333
57,Paris,Quinzerie hôtel,https://www.booking.com/hotel/fr/quinzerie.fr.html,9.2,48.844209,2.280853,"Situé à Paris, l’établissement Quinzerie hôtel comprend une salle de sport, un jardin, un salon commun et une terrasse. ",prs,2.320041,48.8588897,17.35875,57.0,17.35875,38.83208333333333
58,Paris,Hôtel Moderniste,https://www.booking.com/hotel/fr/lutece-paris.fr.html,9.4,48.83582,2.292364,"Situé dans une jolie rue bourgeoise et très calme du 15e arrondissement de Paris, au cœur du quartier de Convention et tout près du parc des expositions de la Porte de Versailles, l'Hotel Moderniste...",prs,2.320041,48.8588897,17.35875,57.0,17.35875,38.83208333333333
59,Paris,La Planque Hotel,https://www.booking.com/hotel/fr/la-planque-paris.fr.html,9.1,48.87192,2.370044,"Possédant une terrasse, l’établissement La Planque Hotel vous accueille à Paris dans la région Île-de-France, à respectivement 1,7 km et 1,2 km de ces lieux d’intérêt : Gare du Nord et Gare de l'Est. ",prs,2.320041,48.8588897,17.35875,57.0,17.35875,38.83208333333333
60,Amiens,The Originals Boutique Hôtel Amiens Sud,https://www.booking.com/hotel/fr/the-originals-boutique-amiens-sud-chu-amiens.fr.html,8.5,49.879612824182246,2.266651015808119,"L’établissement The Originals Boutique Hôtel Amiens Sud vous accueille à Amiens, à 3,6 km de ce lieu d’intérêt : Zénith d'Amiens. ",ams,2.2956951,49.8941708,16.4025,83.875,16.4025,48.53416666666666
61,Amiens,ibis Styles Amiens Centre,https://www.booking.com/hotel/fr/ibis-styles-amiens-centre.fr.html,8.5,49.891422,2.304996,"Proposant un bar, l’établissement ibis Styles Amiens Centre se trouve à Amiens dans la région Picardie, à respectivement 300 mètres et 3,9 km de ces lieux d’intérêt : Gare d'Amiens et Zénith d'Amiens....",ams,2.2956951,49.8941708,16.4025,83.875,16.4025,48.53416666666666
62,Amiens,ibis budget Amiens Centre Gare,https://www.booking.com/hotel/fr/ibis-budget-amiens-centre-gare.fr.html,8.1,49.891591,2.313573,"L'ibis budget Amiens Centre Gare est situé dans le centre-ville d'Amiens, à 5 minutes à pied de la gare d'Amiens et à 15 minutes à pied de la cathédrale Notre-Dame d'Amiens. ",ams,2.2956951,49.8941708,16.4025,83.875,16.4025,48.53416666666666
63,Amiens,Logis Hôtel - La Chambre d'Amiens,https://www.booking.com/hotel/fr/la-chambre-d-39-amiens.fr.html,8.4,49.89448370908586,2.276802533729551,"Situé à Amiens, à 900 mètres du Zénith, l'établissement Logis Hôtel - La Chambre d'Amiens propose un bar, un parking privé gratuit, un salon commun, une terrasse, une bagagerie et un jardin. ",ams,2.2956951,49.8941708,16.4025,83.875,16.4025,48.53416666666666
64,Amiens,B&B HOTEL Amiens Centre Cathédrale,https://www.booking.com/hotel/fr/ibis-amiens-centre-cathedrale.fr.html,8.3,49.891999,2.291969999999992,"Disposant d’un restaurant et d’une connexion Wi-Fi gratuite, le B&B HOTEL Amiens Centre Cathédrale est situé dans le centre d'Amiens. Les chambres possèdent une télévision à écran plat et un bureau. ",ams,2.2956951,49.8941708,16.4025,83.875,16.4025,48.53416666666666
65,Amiens,Moxy Amiens,https://www.booking.com/hotel/fr/campanile-amiens-centre-gare.fr.html,8.4,49.891249,2.30953,"Situé au cœur de la ville et à deux pas de la gare, l’hôtel Moxy Amiens est un pied-à-terre idéal pour vos déplacements professionnels ou sportifs, pour un voyage entre amis ou un séjour découverte en...",ams,2.2956951,49.8941708,16.4025,83.875,16.4025,48.53416666666666
66,Amiens,Hotel Le Prieuré et La Résidence,https://www.booking.com/hotel/fr/le-prieure-amiens.fr.html,8.4,49.894445193999786,2.3009423911571503,"L'Hotel Le Prieuré et La Résidence est situé dans le centre-ville d'Amiens, au pied de la cathédrale. ",ams,2.2956951,49.8941708,16.4025,83.875,16.4025,48.53416666666666
67,Amiens,Le Saint Louis,https://www.booking.com/hotel/fr/le-saint-louis-amienq.fr.html,8.1,49.889778847078894,2.3024994134902954,"Le Saint Louis est situé dans le centre-ville d'Amiens, à 300 mètres de la gare et de la cathédrale. Il propose des chambres avec télévision par satellite et connexion Wi-Fi gratuite. ",ams,2.2956951,49.8941708,16.4025,83.875,16.4025,48.53416666666666
68,Amiens,Holiday Inn Express Amiens by IHG,https://www.booking.com/hotel/fr/express-by-holiday-inn.fr.html,8.0,49.89167619790575,2.30775386095047,L'Holiday Inn Express propose des chambres confortables avec connexion Wi-Fi gratuite. ,ams,2.2956951,49.8941708,16.4025,83.875,16.4025,48.53416666666666
69,Amiens,Mercure Amiens Cathédrale,https://www.booking.com/hotel/fr/mercure-amiens-cathdrale.fr.html,8.3,49.89571084445366,2.299562394618988,"The 4-star Mercure hotel is situated in front of France's biggest medieval cathedral, which is listed as a Unesco World Heritage site. ",ams,2.2956951,49.8941708,16.4025,83.875,16.4025,48.53416666666666
70,Lille,Pandora Spa Lille,https://www.booking.com/hotel/fr/pandora-spa-lille.fr.html,9.3,50.645775,2.9864651,"Situé à Lille, à moins de 1,5 km de la station de métro St Philibert, le Pandora Spa Lille propose un bar, des chambres non-fumeurs et une connexion Wi-Fi gratuite dans l'ensemble de ses locaux. ",lll,3.0635282,50.6365654,16.1625,91.75,16.1625,51.34583333333333
71,Lille,JOST Hôtel Lille Centre,https://www.booking.com/hotel/fr/jost-lille-wazemmes.fr.html,8.4,50.6288419,3.0519791,"L’établissement JOST Hôtel Lille Centre bénéficie d’un emplacement de choix dans le quartier Wazemmes de Lille, à respectivement 800 mètres, 1,2 km et 1,7 km de ces lieux d’intérêt : Maison Coilliot,...",lll,3.0635282,50.6365654,16.1625,91.75,16.1625,51.34583333333333
72,Lille,B&B HOTEL Lille Lillenium Eurasanté,https://www.booking.com/hotel/fr/b-amp-b-lille-lillenium-eurasante-lille.fr.html,8.5,50.615354,3.043125,"Proposant un bar, l’établissement B&B HOTEL Lille Lillenium Eurasanté se situe à Lille dans la région Nord, à respectivement 2,3 km et 3,4 km de ces lieux d’intérêt : Maison Coilliot et Hospice...",lll,3.0635282,50.6365654,16.1625,91.75,16.1625,51.34583333333333
73,Lille,OKKO Hotels Lille Centre,https://www.booking.com/hotel/fr/okko-hotels-lille-centre.fr.html,8.6,50.634074,3.064229,"Situé à Lille, l’établissement OKKO Hotels Lille Centre possède une salle de sport, un salon commun, une terrasse et un restaurant. ",lll,3.0635282,50.6365654,16.1625,91.75,16.1625,51.34583333333333
74,Lille,Moxy Lille City,https://www.booking.com/hotel/fr/moxy-lille-city-center-france.fr.html,8.2,50.627831,3.063592,L’établissement Moxy Lille City bénéficie d’un emplacement idéal dans le centre de Lille. ,lll,3.0635282,50.6365654,16.1625,91.75,16.1625,51.34583333333333
75,Lille,Mama Shelter Lille,https://www.booking.com/hotel/fr/mama-shelter-lille.fr.html,8.3,50.639065,3.070951,"Le Mama Shelter Lille est situé dans le centre de Lille, à 4 minutes à pied de la gare et de la station de métro Lille Flandres ainsi qu'à 7 minutes de marche de la gare Lille Europe. ",lll,3.0635282,50.6365654,16.1625,91.75,16.1625,51.34583333333333
76,Lille,Hotel L'Arbre Voyageur - LILLE,https://www.booking.com/hotel/fr/l-arbre-voyageur-bw-premier-collection-lille.fr.html,8.7,50.6397393,3.067428100000029,"Situé dans le quartier du Vieux Lille, à respectivement 5 et 10 minutes de marche des gares de Lille-Flandres et Lille-Europe, l’Hôtel L’Arbre Voyageur - LILLE possède une cour et une vue sur la...",lll,3.0635282,50.6365654,16.1625,91.75,16.1625,51.34583333333333
77,Lille,ibis Lille Centre Grand Palais,https://www.booking.com/hotel/fr/ibis-lille-centre-grand-palais.fr.html,8.3,50.63319848676876,3.074476813491856,"L'ibis Lille Centre Grand Palais est situé à Lille, à moins de 300 mètres de la station de métro Mairie de Lille et à 550 mètres du centre de conventions Lille Grand Palais. ",lll,3.0635282,50.6365654,16.1625,91.75,16.1625,51.34583333333333
78,Lille,Campanile Lille Euralille,https://www.booking.com/hotel/fr/campanile-lille-euralille-xml.fr.html,8.2,50.6456982973099,3.072109669446945,"Le Campanile Lille Euralille vous accueille à 1 km de la gare de Lille-Europe, à 2 km de la Grand-Place et à moins de 300 mètres de l'arrêt de tramway Romarin. ",lll,3.0635282,50.6365654,16.1625,91.75,16.1625,51.34583333333333
79,Lille,Best Western Premier Why Hotel,https://www.booking.com/hotel/fr/why.fr.html,8.4,50.63430829317451,3.061618208885193,"Doté d’un bar, d’une terrasse meublée, d’une connexion Wi-Fi gratuite et d’une réception ouverte 24h/24, l’hôtel design Best Western Premier Why Hotel se situe au cœur de Lille, à 200 mètres de la...",lll,3.0635282,50.6365654,16.1625,91.75,16.1625,51.34583333333333
80,Strasbourg,Hôtel LÉONOR the place to live,https://www.booking.com/hotel/fr/leonor-the-place-to-live.fr.html,9.3,48.585942,7.747235,"L’établissement Hôtel LÉONOR the place to live vous accueille dans le centre de Strasbourg, à respectivement 900 mètres et 1,2 km de ces lieux d’intérêt : La Petite France et Église Saint-Paul de...",sbg,7.7507127,48.584614,16.09375,57.875,16.09375,40.107638888888886
81,Strasbourg,Hotel Les Haras,https://www.booking.com/hotel/fr/ha-tel-les-haras.fr.html,9.0,48.577043189133,7.742526903748512,"Situé dans un bâtiment historique du XVIIIe siècle, l’Hotel Les Haras se trouve à Strasbourg, à seulement 200 mètres du centre-ville. ",sbg,7.7507127,48.584614,16.09375,57.875,16.09375,40.107638888888886
82,Strasbourg,Hôtel & Spa Le Bouclier D'or,https://www.booking.com/hotel/fr/le-bouclier-d-or.fr.html,9.2,48.58052972845092,7.74373322725296,"L’Hôtel & Spa Le Bouclier d’Or se situe dans le quartier historique de la Petite France, dans un bâtiment du XVIe siècle, à 5 minutes à pied de la cathédrale Notre-Dame de Strasbourg. ",sbg,7.7507127,48.584614,16.09375,57.875,16.09375,40.107638888888886
83,Strasbourg,Hôtel Tandem - Boutique Hôtel,https://www.booking.com/hotel/fr/ha-tel-nid-de-cigognes.fr.html,9.0,48.58383632696426,7.734948992729187,"Ce boutique hôtel respectueux de l’environnement vous accueille en face de la gare TGV de Strasbourg, à seulement 1,7 km du centre-ville et à 5 minutes à pied du quartier pittoresque de la Petite...",sbg,7.7507127,48.584614,16.09375,57.875,16.09375,40.107638888888886
84,Strasbourg,Château de Pourtalès,https://www.booking.com/hotel/fr/chateau-de-pourtales.fr.html,9.0,48.60808508242673,7.800015360116959,"Installé au nord de Strasbourg, le Château de Pourtalès est un témoin de l’histoire européenne pour avoir accueilli de grands musiciens, philosophes et poètes. ",sbg,7.7507127,48.584614,16.09375,57.875,16.09375,40.107638888888886
85,Strasbourg,Cour du Corbeau Hotel Strasbourg - MGallery Collection,https://www.booking.com/hotel/fr/cour-du-corbeau.fr.html,9.3,48.57934881136194,7.751557230949402,"L’Hotel Cour du Corbeau Strasbourg - MGallery vous accueille au cœur de Strasbourg, dans un bâtiment rénové du XVIe siècle. ",sbg,7.7507127,48.584614,16.09375,57.875,16.09375,40.107638888888886
86,Strasbourg,Maison LUTETIA R,https://www.booking.com/hotel/fr/royal-lutetia.fr.html,9.2,48.58999292620854,7.75154247879982,"Situé à quelques minutes du centre historique de Strasbourg, à mi-chemin entre le Parlement européen et la gare centrale, cet hôtel vous accueille dans un cadre chaleureux et convivial. ",sbg,7.7507127,48.584614,16.09375,57.875,16.09375,40.107638888888886
87,Strasbourg,Madame C - Hôtel très particulier,https://www.booking.com/hotel/fr/madame-c.fr.html,9.6,48.582535,7.7538277,L’établissement Madame C - Hôtel très particulier bénéficie d’une situation géographique idéale à Strasbourg. ,sbg,7.7507127,48.584614,16.09375,57.875,16.09375,40.107638888888886
88,Strasbourg,AC Hotel by Marriott Strasbourg,https://www.booking.com/hotel/fr/ac-by-marriott-strasbourg.fr.html,8.6,48.59900335,7.761959941,"L’établissement AC Hotel by Marriott Strasbourg est idéalement placé dans le quartier Quartier Européen - Orangerie de Strasbourg, à respectivement quelques pas, 600 mètres et 1,8 km de ces lieux...",sbg,7.7507127,48.584614,16.09375,57.875,16.09375,40.107638888888886
89,Strasbourg,Ibis Budget Strasbourg Centre Republique,https://www.booking.com/hotel/fr/ibis-budget-strasbourg-centre-republique.fr.html,8.1,48.591522,7.754599,"Possédant un salon commun, l’établissement Ibis Budget Strasbourg Centre Republique se situe à Strasbourg dans la région Alsace, à respectivement 700 mètres et 1,2 km de ces lieux d’intérêt : Église...",sbg,7.7507127,48.584614,16.09375,57.875,16.09375,40.107638888888886
90,Chateau du Haut Koenigsbourg,Pêche de Vigne & Spa,https://www.booking.com/hotel/fr/peche-de-vigne.fr.html,9.1,48.22489193155129,7.353954797553229,"L’établissement Pêche de Vigne & Spa est un hôtel situé à Rodern, à 49 km de Strasbourg. Il est doté d'une piscine extérieure et d’un centre de spa ouverts toute l’année. ",chk,7.3443202,48.2494107,13.5675,51.0,13.5675,39.78083333333333
91,Chateau du Haut Koenigsbourg,Auberge Le Meisenberg,https://www.booking.com/hotel/fr/auberge-le-meisenberg.fr.html,9.0,48.27175702879367,7.399505420901505,"Doté d'une connexion Wi-Fi gratuite et d'un restaurant, le Châtenois se trouve à 2,2 km de la montagne des singes et à 3 km du parc d'attractions Cigoland. ",chk,7.3443202,48.2494107,13.5675,51.0,13.5675,39.78083333333333
92,Chateau du Haut Koenigsbourg,Hotel Cigoland,https://www.booking.com/hotel/fr/cigoland.fr.html,9.0,48.25704493794585,7.419126927852631,"Situé à seulement 10,7 km du château du Haut-Koenigsbourg à Kintzheim, cet hôtel se trouve à 2 km de la route des Vins d'Alsace. ",chk,7.3443202,48.2494107,13.5675,51.0,13.5675,39.78083333333333
93,Chateau du Haut Koenigsbourg,Relais et Châteaux Le Chambard,https://www.booking.com/hotel/fr/le-chambard.fr.html,9.1,48.13857095291248,7.265514135360718,"Situé à Kaysersberg, le Relais et Châteaux Le Chambard vous propose des hébergements confortables et luxueux. ",chk,7.3443202,48.2494107,13.5675,51.0,13.5675,39.78083333333333
94,Chateau du Haut Koenigsbourg,"Hôtel 48°Nord & Restaurant, The Originals Relais",https://www.booking.com/hotel/fr/48degnord.fr.html,9.1,48.370512,7.28776,"L’établissement Hôtel 48°Nord & Restaurant, The Originals Relais se situe à Breitenbach, à 27 km de ce lieu d’intérêt : Château du Haut-Kœnigsbourg. ",chk,7.3443202,48.2494107,13.5675,51.0,13.5675,39.78083333333333
95,Chateau du Haut Koenigsbourg,Auberge Ramstein Hôtel - Restaurant,https://www.booking.com/hotel/fr/auberge-ramstein.fr.html,9.0,48.29164897859645,7.424096122090077,"L’établissement 3 étoiles Auberge Ramstein Hôtel - Restaurant se situe à Scherwiller, à respectivement 14 km et 25 km de ces lieux d’intérêt : Château du Haut-Kœnigsbourg et Parc des expositions et...",chk,7.3443202,48.2494107,13.5675,51.0,13.5675,39.78083333333333
96,Colmar,L'Esquisse Hotel & Spa Colmar - MGallery Collection,https://www.booking.com/hotel/fr/colmar-champ-de-mars.fr.html,9.2,48.07545713654288,7.353532165288925,Vous avez trouvé votre station balnéaire à Colmar : L'Esquisse Hotel & Spa Colmar - Mgallery est un hôtel 5 étoiles situé au cœur du centre historique. ,clm,7.3579641,48.0777517,16.060000000000002,45.875,16.060000000000002,36.13388888888888
97,Colmar,Relais & Châteaux La Maison Des Têtes,https://www.booking.com/hotel/fr/la-maison-des-tetes.fr.html,9.2,48.07859549360517,7.355527058243751,L'établissement La Maison Des Têtes se trouve dans la ville alsacienne historique de Colmar. ,clm,7.3579641,48.0777517,16.060000000000002,45.875,16.060000000000002,36.13388888888888
98,Colmar,Novotel Suites Colmar Centre,https://www.booking.com/hotel/fr/novotel-suites-colmar-centre.fr.html,8.9,48.07161741558895,7.3599910552253505,"L’établissement Novotel Suites Colmar Centre vous accueille à Colmar, à 1,1 km de ce lieu d’intérêt : Gare de Colmar. Il comprend un salon commun, une terrasse, un bar et un parking privé. ",clm,7.3579641,48.0777517,16.060000000000002,45.875,16.060000000000002,36.13388888888888
99,Colmar,B&B HOTEL Colmar Expo,https://www.booking.com/hotel/fr/b-amp-b-colmar-expo.fr.html,8.1,48.0963028332922,7.36164164047545,"Doté d'une connexion Wi-Fi dans tout l'établissement et d'un parking privé gratuits, le B&B HOTEL Colmar Expo propose des hébergements à Colmar, à 10 km de Kaysersberg. ",clm,7.3579641,48.0777517,16.060000000000002,45.875,16.060000000000002,36.13388888888888
100,Colmar,Best Western Colmar Expo,https://www.booking.com/hotel/fr/comfort-expo-colmar.fr.html,8.5,48.09922,7.362783999999999,"Le Best Western Colmar Expo est installé à 4 km du centre-ville de Colmar et à 2 km de l’autoroute A35. Cet hôtel propose une réception ouverte 24h/24, un parking privé gratuit et un bar. ",clm,7.3579641,48.0777517,16.060000000000002,45.875,16.060000000000002,36.13388888888888
101,Colmar,ibis Colmar Centre,https://www.booking.com/hotel/fr/ibis-colmar-centre.fr.html,8.3,48.079198,7.363507,"L'ibis Colmar Centre est situé à Colmar, à 550 mètres de l'office de tourisme et à moins de 2 km de la gare. Cet hôtel propose une connexion Wi-Fi gratuite. ",clm,7.3579641,48.0777517,16.060000000000002,45.875,16.060000000000002,36.13388888888888
102,Colmar,Hôtel Gustave Colmar,https://www.booking.com/hotel/fr/kyriad-colmar-cita-c-administrative.fr.html,8.5,48.08601523296444,7.357299327850342,"Situé à 650 mètres du centre de Colmar, au cœur de l’Alsace, l’Hôtel Gustave Colmar propose une connexion Wi-Fi gratuite et un coin salon. Le parc des expositions se trouve à seulement 1 km. ",clm,7.3579641,48.0777517,16.060000000000002,45.875,16.060000000000002,36.13388888888888
103,Colmar,B&B HOTEL Colmar Liberté 4 étoiles,https://www.booking.com/hotel/fr/roi-soleil-prestige.fr.html,8.5,48.11283258340826,7.365206480026245,"Le B&B HOTEL Colmar Liberté 4 étoiles vous accueille en périphérie de Colmar, à 4,7 km du centre-ville et du musée Unterlinden. ",clm,7.3579641,48.0777517,16.060000000000002,45.875,16.060000000000002,36.13388888888888
104,Colmar,PAUL & PIA - Welcome Home Hotel,https://www.booking.com/hotel/fr/kyriad-colmar-gare.fr.html,8.5,48.07654046258575,7.349873632192612,"Cet hôtel est situé à 500 mètres de la gare et de la vieille ville de Colmar. La place des Dominicains, où se déroule le marché de Noël, se trouve à 700 mètres. ",clm,7.3579641,48.0777517,16.060000000000002,45.875,16.060000000000002,36.13388888888888
105,Colmar,Hôtel Quatorze,https://www.booking.com/hotel/fr/quatorze.fr.html,8.1,48.07623849558461,7.356447726488113,L'Hôtel Quatorze est un établissement design situé dans le centre de Colmar. Il propose gratuitement une connexion Wi-Fi ainsi qu'un accès privé d'une heure au sauna et au hammam du spa. ,clm,7.3579641,48.0777517,16.060000000000002,45.875,16.060000000000002,36.13388888888888
106,Eguisheim,Hotel Colmar Vignes Eguisheim,https://www.booking.com/hotel/fr/auberge-des-comtes.fr.html,9.0,48.04327132624498,7.3041218519210815,"Situé à 200 mètres du centre-ville d'Eguishein et à 10 minutes en voiture de Colmar, l'Hotel Colmar Vignes Eguisheim met gratuitement à votre disposition une connexion Wi-Fi ainsi qu'un parking privé....",egh,7.3079618,48.0447968,15.68375,45.875,15.68375,36.42652777777778
107,Eguisheim,L'Hostellerie du Château,https://www.booking.com/hotel/fr/hostellerie-du-chateau-eguisheim.fr.html,9.0,48.04242042576413,7.306319251656532,"L'établissement L'Hostellerie du Château est situé au cœur du village médiéval d'Eguisheim, sur la route des vins d'Alsace. ",egh,7.3079618,48.0447968,15.68375,45.875,15.68375,36.42652777777778
108,Eguisheim,Hôtel L'Auberge Alsacienne,https://www.booking.com/hotel/fr/ha-tel-restaurant-l-auberge-alsacienne.fr.html,8.7,48.042238408346414,7.309167757630348,"Situé dans le village d'Eguisheim, en Alsace, l'Hôtel L'Auberge Alsacienne propose des chambres modernes avec salle de bains privative et un restaurant traditionnel. ",egh,7.3079618,48.0447968,15.68375,45.875,15.68375,36.42652777777778
109,Eguisheim,"The Originals Boutique, Hôtel La Ferme du Pape, Eguisheim",https://www.booking.com/hotel/fr/hostellerie-du-pape.fr.html,8.1,48.04228862011209,7.309451401233673,"Le The Originals Boutique, Hôtel La Ferme du Pape, Eguisheim vous accueille à l'entrée d'un charmant village au cœur des vignobles, dans une région gastronomique, à 8 km de Colmar. ",egh,7.3079618,48.0447968,15.68375,45.875,15.68375,36.42652777777778
110,Eguisheim,Hotel SPA Husseren Collections - Proche Colmar - Eguisheim,https://www.booking.com/hotel/fr/husseren-les-chateaux.fr.html,8.9,48.0349876742797,7.27613836526871,"Entouré de vignobles et d’une forêt, l’Hotel SPA Husseren Collections - Proche Colmar - Eguisheim est situé au pied des vestiges de 3 châteaux, sur la route des vins d’Alsace, à 6 km de Colmar et à 70...",egh,7.3079618,48.0447968,15.68375,45.875,15.68375,36.42652777777778
111,Eguisheim,Auberge du Rempart,https://www.booking.com/hotel/fr/auberge-du-rempart.fr.html,8.8,48.0421578072359,7.30737026134227,"Offrant une vue sur la ville, l'établissement à la gestion familiale Auberge du Rempart est situé dans le centre historique d'Eguisheim, en Alsace, à 100 mètres du marché de Noël de la ville. ",egh,7.3079618,48.0447968,15.68375,45.875,15.68375,36.42652777777778
112,Eguisheim,L'Atypique d'Eguisheim,https://www.booking.com/hotel/fr/atypique-d-eguisheim.fr.html,8.7,48.0418675,7.3053691,"L’hébergement L'Atypique d'Eguisheim se situe à Eguisheim, à respectivement 6 km, 6,8 km et 7,3 km de ces lieux d’intérêt : Gare de Colmar, Maison des Têtes et Collégiale Saint-Martin. ",egh,7.3079618,48.0447968,15.68375,45.875,15.68375,36.42652777777778
113,Eguisheim,Les trois pierres,https://www.booking.com/hotel/fr/les-trois-pierres-eguisheim.fr.html,8.7,48.045389099073,7.301809369312,"L’hébergement Les trois pierres se situe à Eguisheim, à respectivement 6,1 km, 6,9 km et 7,4 km de ces lieux d’intérêt : Gare de Colmar, Maison des Têtes et Collégiale Saint-Martin. ",egh,7.3079618,48.0447968,15.68375,45.875,15.68375,36.42652777777778
114,Eguisheim,Appartement cosy avec cheminée à Eguisheim - 110m² - Terrasse,https://www.booking.com/hotel/fr/apartment-place-du-chateau-saint-leon.fr.html,8.6,48.0424804,7.306616099999999,"L’hébergement Appartement cosy avec cheminée à Eguisheim - 110m² - Terrasse se trouve à Eguisheim, à respectivement 6,5 km, 6,9 km et 10 km de ces lieux d’intérêt : Maison des Têtes, Collégiale...",egh,7.3079618,48.0447968,15.68375,45.875,15.68375,36.42652777777778
115,Eguisheim,L'Esquisse Hotel & Spa Colmar - MGallery Collection,https://www.booking.com/hotel/fr/colmar-champ-de-mars.fr.html,9.2,48.07545713654288,7.353532165288925,Vous avez trouvé votre station balnéaire à Colmar : L'Esquisse Hotel & Spa Colmar - Mgallery est un hôtel 5 étoiles situé au cœur du centre historique. ,egh,7.3079618,48.0447968,15.68375,45.875,15.68375,36.42652777777778
116,Besancon,B&B HOTEL Besançon Valentin,https://www.booking.com/hotel/fr/b-amp-b-besancon-valentin.fr.html,8.4,47.2801612,5.9877459,"L’établissement B&B HOTEL Besançon Valentin se situe à Besançon, à respectivement 6,5 km et 6,6 km de ces lieux d’intérêt : Gare de Besançon-Viotte et Gare de Besançon Franche-Comté TGV. ",bsc,6.0243622,47.2380222,16.286250000000003,36.5,16.286250000000003,32.83291666666667
117,Besancon,Hôtel AKENA Besançon,https://www.booking.com/hotel/fr/akena-besancon.fr.html,8.6,47.23547525170847,5.9000853988113455,"L’établissement Hôtel AKENA Besançon vous accueille à Besançon, à 10 km de ce lieu d’intérêt : Micropolis. Il comprend une terrasse, un restaurant, un bar et un parking privé gratuit. ",bsc,6.0243622,47.2380222,16.286250000000003,36.5,16.286250000000003,32.83291666666667
118,Besancon,ibis Besançon Centre Ville,https://www.booking.com/hotel/fr/ibis-besancon-centre-ville.fr.html,8.3,47.24045605146395,6.025995332734055,"L'ibis Besançon Centre Ville se trouve dans la vieille ville de Besançon, à 500 mètres de la gare de Viotte et à 20 minutes de marche de la citadelle Vauban ainsi que du musée des beaux-arts. ",bsc,6.0243622,47.2380222,16.286250000000003,36.5,16.286250000000003,32.83291666666667
119,Besancon,Hôtel de Paris,https://www.booking.com/hotel/fr/de-paris-besanasson.fr.html,8.5,47.23856536577556,6.025325059890747,"Situé dans le centre de Besançon, l’Hôtel de Paris est un établissement à la décoration contemporaine doté d’une terrasse et d’une réception ouverte 24h/24. ",bsc,6.0243622,47.2380222,16.286250000000003,36.5,16.286250000000003,32.83291666666667
120,Besancon,Hôtel Restaurant Spa Le Sauvage,https://www.booking.com/hotel/fr/ho-tel-le-sauvage-besanasson.fr.html,8.5,47.23171766809705,6.027591526508331,"L’Hôtel Restaurant Spa Le Sauvage vous accueille dans l’ancien monastère des Clarisses, dans le quartier historique de Besançon, à 500 mètres des anciens contreforts de la citadelle. ",bsc,6.0243622,47.2380222,16.286250000000003,36.5,16.286250000000003,32.83291666666667
121,Besancon,Comfort Aparthotel Besancon Hauts du Chazal,https://www.booking.com/hotel/fr/residence-hauts-du-chazal.fr.html,8.0,47.22448655881508,5.956124067306519,"Installé à Besançon, à moins de 4,1 km du parc des expositions Micropolis, le Comfort Aparthotel Besancon Hauts du Chazal vous propose une terrasse, des chambres non-fumeurs et une connexion Wi-Fi...",bsc,6.0243622,47.2380222,16.286250000000003,36.5,16.286250000000003,32.83291666666667
122,Besancon,Temis hôtel Besançon,https://www.booking.com/hotel/fr/all-suites-besancon.fr.html,8.0,47.25435722578138,5.995480120182037,"L’établissement Temis hôtel Besançon vous accueille à Besançon, à 3,3 km de ce lieu d’intérêt : Gare de Besançon-Viotte. Il comprend un jardin, une terrasse, un restaurant et un parking privé gratuit....",bsc,6.0243622,47.2380222,16.286250000000003,36.5,16.286250000000003,32.83291666666667
123,Besancon,Hotel Du Nord,https://www.booking.com/hotel/fr/du-nord-besancon.fr.html,8.3,47.23727602649555,6.02586954832077,"Cet hôtel est situé au cœur de Besançon, à seulement 700 mètres des rives du Doubs. ",bsc,6.0243622,47.2380222,16.286250000000003,36.5,16.286250000000003,32.83291666666667
124,Besancon,Best Western Citadelle,https://www.booking.com/hotel/fr/bestwesterncitadelle.fr.html,8.0,47.23154100035795,6.026580333709717,"Le Best Western Citadelle est situé dans le centre-ville historique de Besançon, à 5 minutes à pied du Doubs et de la Citadelle. La connexion Wi-Fi est gratuite dans les chambres. ",bsc,6.0243622,47.2380222,16.286250000000003,36.5,16.286250000000003,32.83291666666667
125,Besancon,Best Western Hotel Fontaine Argent,https://www.booking.com/hotel/fr/fontaine-argent.fr.html,8.6,47.246146,6.033186,"L’établissement Best Western Hotel Fontaine Argent se situe à Besançon, à respectivement 1 km et 1,1 km de ces lieux d’intérêt : Gare de Besançon-Mouillère et Gare de Besançon-Viotte. ",bsc,6.0243622,47.2380222,16.286250000000003,36.5,16.286250000000003,32.83291666666667
126,Dijon,"Aloft Hotel, By Marriott",https://www.booking.com/hotel/fr/aloft-dijon.fr.html,8.5,47.32359832,5.037261159,"L’établissement Aloft Hotel, By Marriott se trouve à Dijon, à 800 mètres de ce lieu d’intérêt : Gare de Dijon. ",djn,5.0414701,47.3215806,15.58625,32.5,15.58625,32.04402777777778
127,Dijon,Nomad Hotel Dijon,https://www.booking.com/hotel/fr/nomad-dijon.fr.html,8.7,47.3245398,5.0276148,"L’établissement Nomad Hotel Dijon se situe à Dijon, à respectivement 300 mètres et 300 mètres de ces lieux d’intérêt : Gare de Dijon et Arrêt de tramway Foch-Gare. ",djn,5.0414701,47.3215806,15.58625,32.5,15.58625,32.04402777777778
128,Dijon,Holiday Inn Dijon Sud - Longvic by IHG,https://www.booking.com/hotel/fr/holiday-inn-dijon-sud-longvic-an-ihg.fr.html,8.7,47.272895,5.047662,"L’établissement Holiday Inn Dijon Sud - Longvic by IHG se trouve à Dijon, à 4,5 km de ce lieu d’intérêt : Arrêt de tramway Aéroport de Dijon-Bourgogne. ",djn,5.0414701,47.3215806,15.58625,32.5,15.58625,32.04402777777778
129,Dijon,Mama Shelter Dijon,https://www.booking.com/hotel/fr/mama-shelter-dijon.fr.html,8.5,47.322315,5.034377,"Proposant un bar, l’établissement Mama Shelter Dijon se trouve à Dijon dans la région Bourgogne, à respectivement 200 mètres et 700 mètres de ces lieux d’intérêt : Église Saint-Philibert et Gare de...",djn,5.0414701,47.3215806,15.58625,32.5,15.58625,32.04402777777778
130,Dijon,B&B HOTEL Dijon Valmy Toison d'or,https://www.booking.com/hotel/fr/b-amp-b-dijon-valmy-toison-d-39-or.fr.html,8.1,47.361115,5.05172,"L’établissement B&B HOTEL Dijon Valmy Toison d'or se trouve à Dijon, à respectivement 4,9 km et 6,7 km de ces lieux d’intérêt : Parc des expositions et des congrès de Dijon et Gare de Dijon. ",djn,5.0414701,47.3215806,15.58625,32.5,15.58625,32.04402777777778
131,Dijon,B&B HOTEL Dijon Centre,https://www.booking.com/hotel/fr/b-amp-b-dijon-centre.fr.html,8.1,47.32281706602405,5.036885317790961,"Le B & B Hôtel Dijon Centre est situé à Dijon, à 2 km du parc des expositions Dijon Congrexpo et à 5 km du Zénith de la ville. ",djn,5.0414701,47.3215806,15.58625,32.5,15.58625,32.04402777777778
132,Dijon,"Vertigo Hotel, Dijon, a Member of Design Hotels",https://www.booking.com/hotel/fr/vertigo.fr.html,8.3,47.32428953092841,5.034272273016313,"Proposant une piscine intérieure, un spa Nuxe et un centre de bien-être, le Vertigo - Design Hotels est un hôtel design situé à Dijon. ",djn,5.0414701,47.3215806,15.58625,32.5,15.58625,32.04402777777778
133,Dijon,Ibis Styles Dijon Nord Valmy,https://www.booking.com/hotel/fr/kyriad-prestige-dijon-nord-valmy-xml.fr.html,8.2,47.360673,5.049352999999996,"Doté d'une réception ouverte 24h/24, l'Ibis Styles Dijon Nord Valmy est situé à 5 km de la gare de Dijon. L’établissement possède un bar. ",djn,5.0414701,47.3215806,15.58625,32.5,15.58625,32.04402777777778
134,Dijon,Hotel Victor Hugo,https://www.booking.com/hotel/fr/victor-hugo-dijon.fr.html,8.2,47.326514088300485,5.033579617738724,"Situé à quelques pas du centre historique de Dijon et à 650 mètres de la gare, l'Hôtel Victor Hugo possède un jardin et des chambres dotées d'une télévision à écran plat et d'une salle de bains...",djn,5.0414701,47.3215806,15.58625,32.5,15.58625,32.04402777777778
135,Dijon,Hôtel Wilson - Teritoria,https://www.booking.com/hotel/fr/wilson-dijon.fr.html,8.2,47.3158501277018,5.04426687955856,"L'Hôtel Wilson - Teritoria est situé en Bourgogne, à 10 minutes à pied du centre de Dijon. Cet établissement se situe dans un relais de poste datant du XVIIe siècle. ",djn,5.0414701,47.3215806,15.58625,32.5,15.58625,32.04402777777778
136,Annecy,B&B HOTEL Annecy Cran-Gevrier,https://www.booking.com/hotel/fr/b-amp-b-annecy-cran-gevrier.fr.html,8.2,45.892319,6.0895437,"L’établissement B&B HOTEL Annecy Cran-Gevrier vous accueille à Annecy, à respectivement 35 km et 36 km de ces lieux d’intérêt : Rochexpo et Lac du Bourget. ",anc,6.1288847,45.8992348,16.536250000000003,44.0,16.536250000000003,35.13847222222222
137,Annecy,Auberge du Lyonnais,https://www.booking.com/hotel/fr/auberge-du-lyonnais-annecy.fr.html,8.9,45.899053,6.124137,L’établissement Auberge du Lyonnais bénéficie d’une situation géographique idéale dans le centre de Annecy. ,anc,6.1288847,45.8992348,16.536250000000003,44.0,16.536250000000003,35.13847222222222
138,Annecy,Le Pélican,https://www.booking.com/hotel/fr/le-pelican-annecy1.fr.html,8.8,45.897015,6.131543,"L’établissement Le Pélican vous accueille à Annecy, à 37 km de ce lieu d’intérêt : Rochexpo. Il comprend une piscine extérieure ouverte en saison, une terrasse, un restaurant et un parking privé. ",anc,6.1288847,45.8992348,16.536250000000003,44.0,16.536250000000003,35.13847222222222
139,Annecy,Rivage Hôtel & Spa Annecy,https://www.booking.com/hotel/fr/rivage-amp-spa-annecy.fr.html,8.7,45.905699,6.151953,"Établissement 4 étoiles, le Rivage Hôtel & Spa Annecy vous accueille à Annecy, à 2,1 km du palais de l’Isle et à 2,2 km du château d’Annecy. ",anc,6.1288847,45.8992348,16.536250000000003,44.0,16.536250000000003,35.13847222222222
140,Annecy,Centre Jean XXIII,https://www.booking.com/hotel/fr/centre-jean-xxiii.fr.html,8.2,45.9183227,6.15250679999997,"Doté d’une terrasse bien exposée, le Centre Jean XXIII se trouve à Annecy, à 1,8 km du lac et à 3 km de la vieille ville. ",anc,6.1288847,45.8992348,16.536250000000003,44.0,16.536250000000003,35.13847222222222
141,Annecy,Le Boutik Hotel,https://www.booking.com/hotel/fr/le-boutik.fr.html,8.3,45.89771606659,6.13013094662711,"Décoré dans un style unique et doté d’un jardin, d’une terrasse et d’une connexion Wi-Fi gratuite, Le Boutik Hotel se trouve à Annecy. ",anc,6.1288847,45.8992348,16.536250000000003,44.0,16.536250000000003,35.13847222222222
142,Annecy,Hébé Hotel,https://www.booking.com/hotel/fr/alery.fr.html,8.7,45.90041837042851,6.120344504670356,"Hébé Hotel is located in the centre of Annecy, a 10-minute walk from the lake. The hotel rooms each include a flat-screen satellite TV and a private bathroom with complimentary toiletries. ",anc,6.1288847,45.8992348,16.536250000000003,44.0,16.536250000000003,35.13847222222222
143,Annecy,ibis Annecy Centre Vieille Ville,https://www.booking.com/hotel/fr/ibis-annecy-centre-vieille-ville.fr.html,8.3,45.898238796612006,6.12250953912735,"Situé à seulement 700 mètres du lac d’Annecy, l’ibis Annecy Centre Vieille Ville propose une réception ouverte 24h/24, une bagagerie et une connexion Wi-Fi gratuite. ",anc,6.1288847,45.8992348,16.536250000000003,44.0,16.536250000000003,35.13847222222222
144,Annecy,Hôtel Catalpa,https://www.booking.com/hotel/fr/au-faisan-dora-c.fr.html,8.4,45.90551449345384,6.144128143787384,"Situé juste à côté des rives du lac d'Annecy, l’Hôtel Catalpa se trouve à 1,5 km du centre-ville. Les chambres de l'Hôtel Catalpa comprennent une télévision par satellite à écran LCD. ",anc,6.1288847,45.8992348,16.536250000000003,44.0,16.536250000000003,35.13847222222222
145,Annecy,Hotel Les Terrasses,https://www.booking.com/hotel/fr/les-terrasses-annecy.fr.html,8.9,45.90393736458728,6.119993627071381,"L’Hotel Les Terrasses vous accueille dans le centre d'Annecy, à seulement 5 minutes à pied de la gare SNCF d'Annecy. ",anc,6.1288847,45.8992348,16.536250000000003,44.0,16.536250000000003,35.13847222222222
146,Grenoble,RockyPop Grenoble Hotel,https://www.booking.com/hotel/fr/rockypop-grenoble.fr.html,8.5,45.186911,5.731293,L’établissement RockyPop Grenoble Hotel bénéficie d’un emplacement stratégique à Grenoble. ,grb,5.7357819,45.1875602,19.5375,38.375,19.5375,30.929166666666664
147,Grenoble,OKKO Hotels Grenoble Centre,https://www.booking.com/hotel/fr/okko-hotels-grenoble-jardin-hoche.fr.html,8.5,45.18495018003908,5.72598980937039,"Situé à Grenoble, à proximité immédiate du jardin Hoche, le OKKO Hotels Grenoble possède un sauna et une salle de sport. ",grb,5.7357819,45.1875602,19.5375,38.375,19.5375,30.929166666666664
148,Grenoble,"Le Grand Hôtel Grenoble, BW Premier Collection by Best Western",https://www.booking.com/hotel/fr/le-grand-grenoble-centre.fr.html,8.6,45.19081503510005,5.728548020124435,"Au cœur du centre-ville historique de la capitale des Alpes, le Grand Hôtel de Grenoble, BW Premier Collection by Best Western **** vous attend pour une expérience inoubliable. ",grb,5.7357819,45.1875602,19.5375,38.375,19.5375,30.929166666666664
149,Grenoble,Maison Barbillon Grenoble - Centre Gare,https://www.booking.com/hotel/fr/maison-barbillon-grenoble.fr.html,8.5,45.19079329686088,5.716696679592133,"La Maison Barbillon Grenoble - Centre Gare vous accueille à Grenoble, à seulement 100 mètres de la gare. ",grb,5.7357819,45.1875602,19.5375,38.375,19.5375,30.929166666666664
150,Grenoble,Hôtel de l'Europe Grenoble hyper-centre,https://www.booking.com/hotel/fr/de-l-europe-grenoble.fr.html,8.1,45.19035711261138,5.727330967783928,"Situé au cœur de Grenoble, l'Hôtel de l'Europe Grenoble hyper-centre est le plus ancien hôtel de la ville, installé dans un bâtiment datant du XVIIe siècle. ",grb,5.7357819,45.1875602,19.5375,38.375,19.5375,30.929166666666664
151,Grenoble,Hôtel d’Angleterre Grenoble Hyper-Centre,https://www.booking.com/hotel/fr/tiangleterre.fr.html,8.0,45.18920402005693,5.725372284650803,"L’Hôtel d’Angleterre Grenoble Hyper-Centre est situé au cœur de Grenoble, face aux jardins de la Place Victor Hugo. Il se trouve à seulement 1 minute à pied de l’arrêt de tramway Victor Hugo. ",grb,5.7357819,45.1875602,19.5375,38.375,19.5375,30.929166666666664
152,Grenoble,Hotel Lux,https://www.booking.com/hotel/fr/hotel-lux.fr.html,8.0,45.189522,5.716226000000006,"Proposant des chambres avec une connexion Wi-Fi gratuite, l’Hotel Lux est doté d’un emplacement central à Grenoble, à seulement 50 mètres des bars et restaurants ainsi qu’à 3 minutes à pied de la...",grb,5.7357819,45.1875602,19.5375,38.375,19.5375,30.929166666666664
153,Grenoble,Park Hotel Grenoble - MGallery Collection,https://www.booking.com/hotel/fr/park-grenoble.fr.html,8.8,45.18410130511121,5.732948184013367,"Le Park Hôtel Grenoble - MGallery vous accueille dans le centre de Grenoble, au bord du parc Paul Mistral et à 2 minutes à pied d'un arrêt de tramway. ",grb,5.7357819,45.1875602,19.5375,38.375,19.5375,30.929166666666664
154,Grenoble,Hôtel Terminus,https://www.booking.com/hotel/fr/hotelterminus.fr.html,8.7,45.1910782561633,5.715598315000534,"Situé à Grenoble, l'Hôtel Terminus se trouve en face des gares routière et SNCF. Il propose des chambres climatisées et insonorisées avec télévision par satellite et connexion Wi-Fi gratuite. ",grb,5.7357819,45.1875602,19.5375,38.375,19.5375,30.929166666666664
155,Grenoble,1924 Hôtel,https://www.booking.com/hotel/fr/royal-grenoble.fr.html,8.9,45.18928483181276,5.7186198234558105,"Situé au cœur de Grenoble, à seulement 450 mètres de la gare SNCF, le 1924 Hôtel propose une connexion Wi-Fi gratuite. L'arrêt de tramway Alsace-Lorraine est à moins d'une minute à pied. ",grb,5.7357819,45.1875602,19.5375,38.375,19.5375,30.929166666666664
156,Lyon,Pullman Lyon,https://www.booking.com/hotel/fr/pullman-lyon.fr.html,9.1,45.760402581312896,4.85792056375427,"L’établissement Pullman Lyon vous accueille à Lyon, à 200 mètres de ce lieu d’intérêt : Gare de Lyon-Part-Dieu. ",lyn,4.8320114,45.7578137,17.87125,43.0,17.87125,33.76680555555556
157,Lyon,InterContinental Lyon - Hotel Dieu by IHG,https://www.booking.com/hotel/fr/intercontinental-hotels-lyon-dieu.fr.html,9.1,45.758649,4.836915,"L’établissement InterContinental Lyon - Hotel Dieu by IHG vous accueille à Lyon, à 1,2 km de ce lieu d’intérêt : Musée Miniature et Cinéma. ",lyn,4.8320114,45.7578137,17.87125,43.0,17.87125,33.76680555555556
158,Lyon,Hôtel Maison Lacassagne Lyon,https://www.booking.com/hotel/fr/lacassagne.fr.html,9.0,45.74439127455862,4.892542362213135,"L’établissement Hôtel Maison Lacassagne Lyon se trouve à Lyon, à 6 km de ce lieu d’intérêt : Gare de Lyon-Part-Dieu. ",lyn,4.8320114,45.7578137,17.87125,43.0,17.87125,33.76680555555556
159,Lyon,Villa Maïa,https://www.booking.com/hotel/fr/villa-maia-lyon.fr.html,9.1,45.759217144079,4.82313535390313,"Située sur la colline de Fourvière à Lyon, la Villa Maïa propose une piscine intérieure chauffée, un bain à remous, un hammam et une salle de sport. Elle offre une vue panoramique sur la ville. ",lyn,4.8320114,45.7578137,17.87125,43.0,17.87125,33.76680555555556
160,Lyon,Villa Florentine,https://www.booking.com/hotel/fr/villaflorentine.fr.html,9.4,45.76314438789889,4.825807996094227,La Villa Florentine vous accueille au cœur du Vieux Lyon et offre une vue panoramique sur la ville. ,lyn,4.8320114,45.7578137,17.87125,43.0,17.87125,33.76680555555556
161,Lyon,"Cour des Loges Lyon, A Radisson Collection Hotel",https://www.booking.com/hotel/fr/courdesloges.fr.html,9.2,45.7632849132656,4.827415645122528,"Situé dans le Vieux Lyon, à 4 minutes à pied de la cathédrale Saint-Jean-Baptiste, le Cour des Loges Lyon, A Radisson Collection Hotel propose un hébergement avec une connexion Wi-Fi gratuite dans...",lyn,4.8320114,45.7578137,17.87125,43.0,17.87125,33.76680555555556
162,Lyon,Bikube Lyon,https://www.booking.com/hotel/fr/bikube-lyon-lyon.fr.html,8.6,45.74885,4.863691,"L’établissement Bikube Lyon se situe à Lyon, à 1,8 km de ce lieu d’intérêt : Gare de Lyon-Part-Dieu. Il possède une salle de sport, un jardin, une terrasse et un parking privé. ",lyn,4.8320114,45.7578137,17.87125,43.0,17.87125,33.76680555555556
163,Lyon,TRIBE Lyon Croix Rousse,https://www.booking.com/hotel/fr/tribe-lyon-croix-rousse.fr.html,8.7,45.78235,4.83378,"L’établissement TRIBE Lyon Croix Rousse se trouve à Lyon, à 1,9 km de ce lieu d’intérêt : Musée des Beaux-Arts de Lyon. Il propose une salle de sport, un salon commun, une terrasse et un parking...",lyn,4.8320114,45.7578137,17.87125,43.0,17.87125,33.76680555555556
164,Lyon,The Ruck Hotel,https://www.booking.com/hotel/fr/the-ruck.fr.html,8.4,45.725243,4.830177,"L’établissement The Ruck Hotel se situe à Lyon, à 1,8 km de ce lieu d’intérêt : Musée des Confluences. Il possède une terrasse, un restaurant, un bar et un parking privé. ",lyn,4.8320114,45.7578137,17.87125,43.0,17.87125,33.76680555555556
165,Lyon,Keystone Hôtel & Spa,https://www.booking.com/hotel/fr/keystone-boutique-lyon.fr.html,8.3,45.742544,4.82128,"Possédant une salle de sport, une terrasse et un restaurant, l’établissement Keystone Hôtel & Spa se situe dans le centre de Lyon, à 900 mètres de ce lieu d’intérêt : Gare de Lyon-Perrache. ",lyn,4.8320114,45.7578137,17.87125,43.0,17.87125,33.76680555555556
166,Gorges du Verdon,Le Relais Notre Dame,https://www.booking.com/hotel/fr/relais-notre-dame.fr.html,9.0,43.6990888705541,6.0372394323349,"Situé à l'entrée du village de Quinson, à côté du musée de la préhistoire, l'établissement Le Relais Notre Dame vous accueille à 300 mètres du Verdon et à 20 minutes de route du lac de Sainte-Croix. ",gdv,6.3285616,43.7496562,15.39,45.625,15.39,36.571666666666665
167,Gorges du Verdon,Hotel Les Cavalets,https://www.booking.com/hotel/fr/les-cavalets.fr.html,8.2,43.73278619599797,6.161522269248962,"Doté d'une piscine extérieure et de vues panoramiques sur le lac de Sainte-Croix, l'établissement Les Cavalets est situé à Bauduen. ",gdv,6.3285616,43.7496562,15.39,45.625,15.39,36.571666666666665
168,Gorges du Verdon,Hotel du Levant,https://www.booking.com/hotel/fr/du-levant-castellane.fr.html,8.1,43.846625749126176,6.513554155826569,"Situé à Castellane, dans le parc naturel régional du Verdon, l'Hotel du Levant dispose d'un restaurant, d'une terrasse et d'une connexion Wi-Fi gratuite dans les parties communes. ",gdv,6.3285616,43.7496562,15.39,45.625,15.39,36.571666666666665
169,Gorges du Verdon,Hôtel La Bonne Auberge,https://www.booking.com/hotel/fr/ha-tel-la-bonne-etape.fr.html,8.4,43.84343777207759,6.221673488616943,"Situé dans le parc régional du Verdon, cet hôtel dispose d'une piscine et d'une terrasse ombragée dans le jardin. Des plats régionaux sont servis dans le restaurant de l'hôtel. ",gdv,6.3285616,43.7496562,15.39,45.625,15.39,36.571666666666665
170,Gorges du Verdon,Hôtel & Résidence Lou Paradou Gréoux Les Bains,https://www.booking.com/hotel/fr/hotellouparadou.fr.html,8.8,43.760622,5.888973999999962,"L'hôtel Hôtel & Résidence Lou Paradou Gréoux Les Bains vous accueille à Gréoux-les-Bains, au bord du Verdon, au milieu des champs de lavande du cœur de la Provence. ",gdv,6.3285616,43.7496562,15.39,45.625,15.39,36.571666666666665
171,Gorges du Verdon,Hôtel Spa Restaurant Villa Castellane,https://www.booking.com/hotel/fr/villa-castellane-greoux-les-bains.fr.html,8.9,43.758087,5.890188,"L’établissement Hôtel Spa Restaurant Villa Castellane se trouve à Gréoux-les-Bains, à 18 km de ce lieu d’intérêt : Agence ITER de Cadarache. ",gdv,6.3285616,43.7496562,15.39,45.625,15.39,36.571666666666665
172,Gorges du Verdon,Le 10 18 hôtel restaurant,https://www.booking.com/hotel/fr/auberge-du-castellas-sainte-croix-du-verdon.fr.html,8.3,43.756056,6.140723,"L’établissement Le 10 18 hôtel restaurant se trouve à Sainte-Croix-de-Verdon, à 48 km de ce lieu d’intérêt : Agence ITER de Cadarache. ",gdv,6.3285616,43.7496562,15.39,45.625,15.39,36.571666666666665
173,Gorges du Verdon,Hotel Le Provence - Restaurant Le Styx,https://www.booking.com/hotel/fr/le-provence-la-palud1.fr.html,8.7,43.77898012250287,6.341233491930325,"Situé à La Palud, Hotel Le Provence - Restaurant Le Styx propose un jardin, un bar et un restaurant servant des grillades au barbecue. La connexion Wi-Fi est gratuite. ",gdv,6.3285616,43.7496562,15.39,45.625,15.39,36.571666666666665
174,Gorges du Verdon,Hotel Grand Canyon du Verdon,https://www.booking.com/hotel/fr/grand-canyon-du-verdon.fr.html,8.0,43.75062074681262,6.321302587890614,"L'Hotel Grand Canyon du Verdon se situe à 15 km du centre-ville d'Aiguines, au cœur des Gorges du Verdon, l'un des plus beaux canyons d'Europe. ",gdv,6.3285616,43.7496562,15.39,45.625,15.39,36.571666666666665
175,Gorges du Verdon,Ma Petite Auberge,https://www.booking.com/hotel/fr/ma-petite-auberge.fr.html,8.4,43.84593903303046,6.512846052646637,Ma Petite Auberge – Your Authentic Stay in the Heart of the Verdon Gorges. ,gdv,6.3285616,43.7496562,15.39,45.625,15.39,36.571666666666665
176,Bormes les Mimosas,"Les Jardins de Bormes, hôtel adult only avec sauna & jacuzzi",https://www.booking.com/hotel/fr/new-life.fr.html,9.0,43.14893353509435,6.303266286849976,"Situé à 4 km de Bormes-les-Mimosas et à 3 km des plages de L'Estagnol, cet hôtel design dispose d'une terrasse, d'une piscine extérieure et d'un bain à remous. ",blm,6.3419285,43.1506968,18.95125,16.75,18.95125,24.17680555555556
177,Bormes les Mimosas,Le Mirage,https://www.booking.com/hotel/fr/le-domaine-du-mirage.fr.html,9.2,43.144568554122,6.351684182882309,"L'hôtel Le Mirage est niché au cœur d'un lieu reposant, un équilibre parfait entre mer et nature, pour vous offrir une expérience inoubliable tout au long de votre séjour. ",blm,6.3419285,43.1506968,18.95125,16.75,18.95125,24.17680555555556
178,Bormes les Mimosas,Eden Rose Grand Hotel BW Premier Collection,https://www.booking.com/hotel/fr/eden-rose-grand-bw-premier-collection.fr.html,8.9,43.152872,6.342654,"L’établissement Eden Rose Grand Hotel BW Premier Collection se situe à Bormes-les-Mimosas, à 29 km de ce lieu d’intérêt : Chateau de Grimaud. ",blm,6.3419285,43.1506968,18.95125,16.75,18.95125,24.17680555555556
179,Bormes les Mimosas,Hotel La Voile,https://www.booking.com/hotel/fr/hotel-la-voile-fr.fr.html,8.5,43.12549,6.357300000000009,"Hotel La Voile is ideally situated just 400 metres from the beaches and Bormes harbour in a quiet, peaceful environment near the village of La Favière. ",blm,6.3419285,43.1506968,18.95125,16.75,18.95125,24.17680555555556
180,Bormes les Mimosas,Hotel Restaurant Bellevue,https://www.booking.com/hotel/fr/restaurant-bellevue.fr.html,7.5,43.15187759303926,6.343135982751846,"L’établissement Hotel Restaurant Bellevue vous accueille à Bormes-les-Mimosas, à 29 km de ce lieu d’intérêt : Chateau de Grimaud. Il offre une vue sur la ville et possède un restaurant et un bar. ",blm,6.3419285,43.1506968,18.95125,16.75,18.95125,24.17680555555556
181,Bormes les Mimosas,Les Terrasses de Lô,https://www.booking.com/hotel/fr/les-terrasses-de-lo.fr.html,9.0,43.144264665268814,6.353165855155942,"Situé à Bormes-les-Mimosas (Provence-Alpes-Côte d'Azur), l’établissement Les Terrasses de Lô propose un parking privé gratuit. ",blm,6.3419285,43.1506968,18.95125,16.75,18.95125,24.17680555555556
182,Bormes les Mimosas,Le petit atelier,https://www.booking.com/hotel/fr/le-petit-atelier-bormes-les-mimosas1234567891011121314151617.fr.html,9.2,43.142501,6.3491788,"Situé à Bormes-les-Mimosas (Provence-Alpes-Côte d'Azur), l’établissement Le petit atelier comprend une connexion Wi-Fi gratuite, un parking privé gratuit et un bain à remous. ",blm,6.3419285,43.1506968,18.95125,16.75,18.95125,24.17680555555556
183,Bormes les Mimosas,Romantic getaway in Bormes,https://www.booking.com/hotel/fr/romantic-getaway-in-bormes.fr.html,9.6,43.150652,6.3411229,"L’hébergement Romantic getaway in Bormes se trouve à Bormes-les-Mimosas, à respectivement 30 km, 30 km et 39 km de ces lieux d’intérêt : Chateau de Grimaud, Le Pont des Fées et Gare de Toulon. ",blm,6.3419285,43.1506968,18.95125,16.75,18.95125,24.17680555555556
184,Bormes les Mimosas,Bel appartement - 2 chambres- bord de plage- vue mer-climatisé,https://www.booking.com/hotel/fr/bel-appartement-2-chambres-bord-de-plage-vue-mer-climatise.fr.html,9.2,43.12241551445,6.359347321328,"L’hébergement Bel appartement - 2 chambres- bord de plage- vue mer-climatisé se situe à Bormes-les-Mimosas, à respectivement quelques pas et 34 km de ces lieux d’intérêt : Plage de la Favière et...",blm,6.3419285,43.1506968,18.95125,16.75,18.95125,24.17680555555556
185,Bormes les Mimosas,Maison à 700m de la mer,https://www.booking.com/hotel/fr/appartement-duplex-a-700m-de-la-mer.fr.html,9.2,43.124079792347,6.351798812714,L’hébergement Maison à 700m de la mer propose un jardin et une terrasse. ,blm,6.3419285,43.1506968,18.95125,16.75,18.95125,24.17680555555556
186,Cassis,HPC Suites - Cassis Centre - Parking Gratuit & Piscine Chauffée,https://www.booking.com/hotel/fr/hpc-suites.fr.html,9.1,43.216440236856805,5.541745724536895,"Doté d’une piscine extérieure commune avec terrasse et vue sur la mer, le HPC Suites - Cassis Centre - Parking Gratuit & Piscine Chauffée est situé dans un parc de 4 000 mètres carrés dans le centre...",css,5.5396318,43.2140359,19.26125,17.25,19.26125,24.102361111111108
187,Cassis,Best Western Hotel & SPA Coeur De Cassis,https://www.booking.com/hotel/fr/du-grand-jardin.fr.html,8.7,43.21457326278473,5.540146976709366,"Le Best Western Hotel & SPA Coeur De Cassis vous accueille dans le centre-ville de Cassis, à 200 mètres du port et 300 mètres de la plage. ",css,5.5396318,43.2140359,19.26125,17.25,19.26125,24.102361111111108
188,Cassis,Les Jardins de Cassis - Parking Gratuit & Piscine Chauffée,https://www.booking.com/hotel/fr/les-jardins-de-cassis.fr.html,8.0,43.221840494518375,5.543384896958969,"Situé dans un jardin de style méditerranéen doté d’une piscine extérieure chauffée et pourvu d’un espace détente avec un jacuzzi et un sauna, l’hôtel Les Jardins de Cassis se trouve à 10 minutes à...",css,5.5396318,43.2140359,19.26125,17.25,19.26125,24.102361111111108
189,Cassis,Hôtel Les Roches Blanches Cassis,https://www.booking.com/hotel/fr/des-roches-blanches.fr.html,8.8,43.211337,5.529502,"Doté d'une connexion Wi-Fi gratuite, l'Hôtel Les Roches Blanches Cassis est situé à 1 km du centre de Cassis et à 6 km du cap Canaille. ",css,5.5396318,43.2140359,19.26125,17.25,19.26125,24.102361111111108
190,Cassis,Hôtel Liautaud Cassis,https://www.booking.com/hotel/fr/liautaud.fr.html,8.7,43.21403,5.53859,L’Hôtel Liautaud Cassis propose des chambres climatisées dans le centre de Cassis. Une connexion Wi-Fi est disponible gratuitement. L'établissement est à 15 minutes de route du cap Canaille. ,css,5.5396318,43.2140359,19.26125,17.25,19.26125,24.102361111111108
191,Cassis,Les Volets Rouges - Hôtel Cassis - Situé dans le Parc National des Calanques,https://www.booking.com/hotel/fr/du-joli-bois-cassis.fr.html,8.1,43.23482929900096,5.511910519238427,Les Volets Rouges - Hôtel Cassis - Situé dans le Parc National des Calanques is a small independent hotel and an eco-friendly hotel located on the heights of Cassis (SEE MAP). ,css,5.5396318,43.2140359,19.26125,17.25,19.26125,24.102361111111108
192,Cassis,Hotel de La Plage - Mahogany,https://www.booking.com/hotel/fr/de-la-plage-cassis.fr.html,8.8,43.21334946052709,5.531262829899788,"Offrant une vue sur la plus haute falaise d’Europe et sur la mer Méditerranée, l’Hotel de La Plage - Mahogany vous accueille à Cassis, à 30 mètres du front de mer. ",css,5.5396318,43.2140359,19.26125,17.25,19.26125,24.102361111111108
193,Cassis,Best Western Plus Hôtel la Rade,https://www.booking.com/hotel/fr/la-rade-cassis.fr.html,8.6,43.21522996680949,5.533696934580803,Le Best Western Plus Hôtel la Rade est situé à 14 mètres du port de pêche de Cassis et de la plage du Bestouan. ,css,5.5396318,43.2140359,19.26125,17.25,19.26125,24.102361111111108
194,Cassis,Royal Cottage Pamela Hotel Cassis,https://www.booking.com/hotel/fr/royal-cottage.fr.html,8.5,43.21622493056339,5.542900264263153,"Located 5 minutes from the beach and Cassis port, Royal Cottage Pamela Hotel Cassis is surrounded by a tropical garden with an outdoor pool. Its rooms feature a furnished terrace. ",css,5.5396318,43.2140359,19.26125,17.25,19.26125,24.102361111111108
195,Cassis,"The Originals Boutique, Hôtel Cassitel, Cassis",https://www.booking.com/hotel/fr/interhotel-cassitel.fr.html,7.9,43.21370621383696,5.538958087563515,"L’The Originals Boutique, Hôtel Cassitel, Cassis vous accueille en face du port de pêche de Cassis, à seulement 2 minutes à pied de la plage et à 40 minutes de route du circuit automobile Paul Ricard....",css,5.5396318,43.2140359,19.26125,17.25,19.26125,24.102361111111108
196,Marseille,Grand Juste,https://www.booking.com/hotel/fr/grand-juste.fr.html,9.3,43.2920868,5.389204,"Situé à Marseille, l’établissement Grand Juste comprend un jardin, un salon commun, une terrasse et une connexion Wi-Fi gratuite dans l’ensemble de ses locaux. ",msl,5.3699525,43.2961743,20.13375,15.375,20.13375,22.79875
197,Marseille,Hôtel 96,https://www.booking.com/hotel/fr/ha-tel-96.fr.html,9.1,43.239497,5.406246499999952,"Aménagé dans une maison du XIXe siècle, l'Hôtel 96 est situé en périphérie de Marseille, à 5 minutes en voiture de la plage. ",msl,5.3699525,43.2961743,20.13375,15.375,20.13375,22.79875
198,Marseille,RockyPop Marseille Hôtel,https://www.booking.com/hotel/fr/citadines-aparthotel-marseilleprado.fr.html,9.2,43.28282806447971,5.387259051203728,"L’établissement RockyPop Marseille Hôtel se trouve à Marseille, à 500 mètres de ce lieu d’intérêt : Métro Castellane. Il propose une terrasse, un restaurant, un bar et un parking privé. ",msl,5.3699525,43.2961743,20.13375,15.375,20.13375,22.79875
199,Marseille,easyHotel Marseille Euromed,https://www.booking.com/hotel/fr/easyhotel-marseille.fr.html,8.4,43.3101149,5.3703396,"L’établissement easyHotel Marseille Euromed bénéficie d’une situation géographique idéale dans le quartier Euromed - La Joliette de Marseille, à respectivement 700 mètres, 800 mètres et 1,5 km de ces...",msl,5.3699525,43.2961743,20.13375,15.375,20.13375,22.79875
200,Marseille,Crowne Plaza - Marseille Le Dôme,https://www.booking.com/hotel/fr/crowne-plaza-marseille-le-dome.fr.html,8.3,43.31327,5.40482,"L’établissement Crowne Plaza - Marseille Le Dôme vous accueille à Marseille, à 2,8 km de ce lieu d’intérêt : Métro La Timone. ",msl,5.3699525,43.2961743,20.13375,15.375,20.13375,22.79875
201,Marseille,Hotel Le M,https://www.booking.com/hotel/fr/le-m-marseille1.fr.html,8.5,43.288782,5.378967,"L’établissement Hotel Le M bénéficie d’un emplacement idéal dans le quartier Castellane et Préfecture de Marseille, à respectivement 2,5 km, 600 mètres et 500 mètres de ces lieux d’intérêt : Plage des...",msl,5.3699525,43.2961743,20.13375,15.375,20.13375,22.79875
202,Marseille,MEININGER Marseille Centre la Joliette,https://www.booking.com/hotel/fr/meininger-marseille-centre-la-joliette.fr.html,8.5,43.30574814984538,5.371058398811321,"L’établissement MEININGER Marseille Centre la Joliette se trouve à Marseille, à 400 mètres de ce lieu d’intérêt : Métro Joliette. ",msl,5.3699525,43.2961743,20.13375,15.375,20.13375,22.79875
203,Marseille,Le Drip's,https://www.booking.com/hotel/fr/le-drip-39-s.fr.html,8.1,43.247273,5.390431,"L’établissement Le Drip's se trouve à Marseille, à 1,7 km de ce lieu d’intérêt : Plage de la Vieille Chapelle. ",msl,5.3699525,43.2961743,20.13375,15.375,20.13375,22.79875
204,Marseille,Mercure Marseille Canebière Vieux-Port,https://www.booking.com/hotel/fr/mercure-marseille-canebiere-vieux-port.fr.html,8.2,43.296986,5.379321,"Proposant un salon commun, un restaurant et un bar, l’établissement Mercure Marseille Canebière Vieux-Port se trouve dans le centre de Marseille, à 2,2 km de ce lieu d’intérêt : Plage des Catalans. ",msl,5.3699525,43.2961743,20.13375,15.375,20.13375,22.79875
205,Marseille,NH Collection Marseille,https://www.booking.com/hotel/fr/nh-collection-marseille.fr.html,8.8,43.3024211,5.36863370000003,"Doté d'un bar à cocktails, d'un jardin et d'une salle de sport au 6ème étage, le NH Collection Marseille vous accueille à La Joliette, le nouveau quartier des affaires et de loisirs de Marseille,...",msl,5.3699525,43.2961743,20.13375,15.375,20.13375,22.79875
206,Aix en Provence,Château de la Gaude,https://www.booking.com/hotel/fr/chateau-de-la-gaude.fr.html,9.1,43.56879,5.47851,"L’établissement Château de la Gaude se situe à Aix-en-Provence, à 38 km de ce lieu d’intérêt : Gare de Marseille-Saint-Charles. ",xep,5.4474738,43.5298424,20.47125,13.5,20.47125,21.91125
207,Aix en Provence,Villa Saint-Ange,https://www.booking.com/hotel/fr/villa-saint-ange.fr.html,9.3,43.523068,5.457699,"Situé à 800 mètres du cours Mirabeau à Aix-en-Provence, l'hôtel Villa Saint-Ange dispose d'une piscine extérieure chauffée, d'un jardin provençal et d'un bar-restaurant français avec terrasse. ",xep,5.4474738,43.5298424,20.47125,13.5,20.47125,21.91125
208,Aix en Provence,Hôtel Particulier Le 28 - Spa & Art Luxury Design by Alain Ducasse,https://www.booking.com/hotel/fr/particulier-28-a-aix-aix-en-provence1.fr.html,9.0,43.5247755,5.45022449999999,"Situé à Aix-en-Provence, l’Hôtel Particulier le 28 propose un jardin privé avec 2 terrasses et un restaurant. Un parking privé est également disponible sur place. ",xep,5.4474738,43.5298424,20.47125,13.5,20.47125,21.91125
209,Aix en Provence,Les Lodges Sainte-Victoire Hotel & Spa,https://www.booking.com/hotel/fr/les-lodges-sainte-victoire.fr.html,9.1,43.52116980487331,5.496597290039063,"Installé dans un parc de 5 hectares comprenant des vignobles et des oliviers, l'hôtel décoré avec élégance Les Lodges Sainte-Victoire Hotel & Spa est aménagé dans un bâtiment datant du XVIIIe siècle. ",xep,5.4474738,43.5298424,20.47125,13.5,20.47125,21.91125
210,Aix en Provence,Le Pigonnet - Esprit de France,https://www.booking.com/hotel/fr/le-pigonnet.fr.html,9.0,43.51886697166336,5.44161468744278,"L’établissement Le Pigonnet - Esprit de France vous accueille à Aix-en-Provence, à 29 km de ce lieu d’intérêt : Gare de Marseille-Saint-Charles. ",xep,5.4474738,43.5298424,20.47125,13.5,20.47125,21.91125
211,Aix en Provence,Villa Gallici Hôtel & Spa,https://www.booking.com/hotel/fr/villagallici.fr.html,9.4,43.536101030690894,5.448788137561678,"L’établissement Villa Gallici Hôtel & Spa se situe à Aix-en-Provence, à 31 km de ce lieu d’intérêt : Gare de Marseille-Saint-Charles. ",xep,5.4474738,43.5298424,20.47125,13.5,20.47125,21.91125
212,Aix en Provence,La Maison d'Aix 1785 - Hôtel Particulier & Spa,https://www.booking.com/hotel/fr/la-maison-d-aix.fr.html,9.5,43.52468223421984,5.450389534235001,"La Maison d’Aix is located in the Mazarin quarter of Aix-en-Provence, a 3-minute walk from the Cours Mirabeau. It offers a small indoor pool, relaxation area and hammam. Free WiFi is provided. ",xep,5.4474738,43.5298424,20.47125,13.5,20.47125,21.91125
213,Aix en Provence,The Originals Résidence Aix Schuman,https://www.booking.com/hotel/fr/the-originals-residence-aix-schuman.fr.html,8.3,43.5205148,5.4471929,"L’établissement The Originals Résidence Aix Schuman vous accueille à Aix-en-Provence, à 30 km de ce lieu d’intérêt : Gare de Marseille-Saint-Charles. ",xep,5.4474738,43.5298424,20.47125,13.5,20.47125,21.91125
214,Aix en Provence,Le Néliö,https://www.booking.com/hotel/fr/le-nelio.fr.html,8.3,43.49196900747259,5.371623,"Doté d'un jardin, d'un bar et d'un restaurant, l'établissement Le Néliö est situé à Aix-en-Provence. ",xep,5.4474738,43.5298424,20.47125,13.5,20.47125,21.91125
215,Aix en Provence,Hotel Cardinal,https://www.booking.com/hotel/fr/cardinal.fr.html,8.6,43.5255987,5.45172079999998,L’établissement Hotel Cardinal bénéficie d’une situation géographique idéale à Aix-en-Provence. ,xep,5.4474738,43.5298424,20.47125,13.5,20.47125,21.91125
216,Avignon,Maison de Fogasses,https://www.booking.com/hotel/fr/maison-de-fogasses-avignon.fr.html,9.2,43.9474236,4.8079036,L’établissement Maison de Fogasses bénéficie d’une situation géographique idéale dans le centre de Avignon. Il comprend un jardin et une connexion Wi-Fi gratuite dans l’ensemble de ses locaux. ,avg,4.8059012,43.9492493,21.8525,21.75,21.8525,23.58694444444445
217,Avignon,Kyriad Avignon - Palais des Papes,https://www.booking.com/hotel/fr/kyriad-avignon-palais-des-papes-xml.fr.html,8.4,43.9496377669598,4.806358963251114,"Located on Place de l'Horloge, the Kyriad Palais des Papes hotel is the ideal starting point for exploring the city. ",avg,4.8059012,43.9492493,21.8525,21.75,21.8525,23.58694444444445
218,Avignon,Hotel d'Angleterre,https://www.booking.com/hotel/fr/d-angleterre-avignon.fr.html,8.0,43.944616324685065,4.8006123304367065,"Situé dans le centre-ville d'Avignon, l'Hôtel d'Angleterre dispose d'une connexion Wi-Fi gratuite et d'une réception ouverte 24h/24. La gare d'Avignon-Centre est accessible en 10 minutes à pied. ",avg,4.8059012,43.9492493,21.8525,21.75,21.8525,23.58694444444445
219,Avignon,Hôtel Le Médiéval Palais des Papes,https://www.booking.com/hotel/fr/le-medieval-avignon.fr.html,8.1,43.94930610704683,4.809345602989197,L'Hôtel Le Médiéval Palais des Papes occupe l'ancien palais d'un cardinal dans le centre historique d'Avignon. ,avg,4.8059012,43.9492493,21.8525,21.75,21.8525,23.58694444444445
220,Avignon,Mercure Avignon Gare TGV,https://www.booking.com/hotel/fr/expresshiavignon.fr.html,8.6,43.92929,4.784118000000035,"Le Mercure Avignon Gare TGV vous accueille à Avignon, à 600 mètres de la gare TGV ainsi qu’à moins de 10 minutes en voiture du centre-ville, de la gare centrale et du palais des Papes. ",avg,4.8059012,43.9492493,21.8525,21.75,21.8525,23.58694444444445
221,Avignon,Hôtel Le Bristol,https://www.booking.com/hotel/fr/hotel-bristol-avignon.fr.html,8.3,43.94403212781474,4.80533167719841,"Idéalement situé à l’intérieur des remparts du centre d’Avignon, l’Hôtel Le Bristol vous propose des chambres climatisées, un bar, une connexion Wi-Fi gratuite et un salon commun. ",avg,4.8059012,43.9492493,21.8525,21.75,21.8525,23.58694444444445
222,Avignon,Hotel Le Magnan,https://www.booking.com/hotel/fr/hotellemagnan.fr.html,8.3,43.943629463158565,4.812171310186386,"Situé dans un cadre verdoyant au sein des anciens remparts de la ville, Le Magnan propose une connexion Wi-Fi gratuite. Il se trouve à 10 minutes à pied du Palais des Papes. ",avg,4.8059012,43.9492493,21.8525,21.75,21.8525,23.58694444444445
223,Avignon,Best Western Plus Le Lavarin,https://www.booking.com/hotel/fr/hotellelavarin.fr.html,8.3,43.922757658189205,4.804295003414154,"L’hôtel Best Western Plus Le Lavarin est situé à Avignon, à 2,5 km des remparts, du Palais des Papes et du Pont d'Avignon. ",avg,4.8059012,43.9492493,21.8525,21.75,21.8525,23.58694444444445
224,Avignon,ibis Styles Avignon Sud,https://www.booking.com/hotel/fr/avignon.fr.html,8.3,43.92616548476504,4.844420850276947,"L'ibis Styles Avignon Sud se situe à 4 km des remparts de la ville d'Avignon, au cœur de la Provence et du massif du Luberon. ",avg,4.8059012,43.9492493,21.8525,21.75,21.8525,23.58694444444445
225,Avignon,Au Saint Roch - Hôtel et Jardin,https://www.booking.com/hotel/fr/au-saint-roch-et-jardin.fr.html,8.0,43.94290137673605,4.79804277420044,"Doté d'une terrasse bien exposée ainsi que d’une cour avec un jardin et une fontaine, l'établissement Au Saint Roch - Hôtel et Jardin propose des hébergements à Avignon, en Provence-Alpes-Côte d'Azur,...",avg,4.8059012,43.9492493,21.8525,21.75,21.8525,23.58694444444445
226,Uzes,Hôtel Le SAINT-GENIÈS,https://www.booking.com/hotel/fr/le-saint-genies.fr.html,9.3,44.023394710582856,4.419290721416473,"Located just 1.2 km from the historic center of Uzès, our intimate hotel welcomes you to a setting dedicated to peace and serenity. With only rooms for two people, each decorated with a unique theme. ",uzs,4.4196718,44.0121279,21.23625,26.375,21.23625,25.607916666666668
227,Uzes,Boutique Hôtel Entraigues,https://www.booking.com/hotel/fr/entraigues-uzes2.fr.html,8.9,44.01246437098573,4.421800111045059,"Doté d’une piscine extérieure, le Boutique Hôtel Entraigues vous accueille à Uzès, dans le Languedoc-Roussillon, à 32 km d’Avignon. Il possède une terrasse bien exposée et offre une vue sur la ville. ",uzs,4.4196718,44.0121279,21.23625,26.375,21.23625,25.607916666666668
228,Uzes,La Maison d'Uzès Relais & Châteaux,https://www.booking.com/hotel/fr/la-maison-d-uza-s.fr.html,8.7,44.0127444719537,4.42113071680069,"Located in the centre of Uzès’ Old Town, La Maison d'Uzès Relais & Châteaux is set in a listed building. ",uzs,4.4196718,44.0121279,21.23625,26.375,21.23625,25.607916666666668
229,Uzes,Logis Hotel Restaurant Uzès Pont du Gard,https://www.booking.com/hotel/fr/uzes.fr.html,8.0,44.00284484835363,4.416452050099906,"Le Logis Hotel Restaurant Uzès Pont du Gard propose des chambres confortables et bien équipées, à seulement 10 minutes à pied du centre. ",uzs,4.4196718,44.0121279,21.23625,26.375,21.23625,25.607916666666668
230,Uzes,Patio De Violette,https://www.booking.com/hotel/fr/patio-de-violette.fr.html,8.5,44.02843142473164,4.420023858328932,"Situé dans la campagne du Languedoc-Roussillon, le Patio De Violette se trouve à 2 minutes de route de la ville d'Uzès. ",uzs,4.4196718,44.0121279,21.23625,26.375,21.23625,25.607916666666668
231,Uzes,"""La Suite"" 3 Etoiles",https://www.booking.com/hotel/fr/la-suite-a-50-metres-de-la-place-aux-herbes.fr.html,9.4,44.0114872,4.4198868,"L’hébergement ""La Suite"" 3 Etoiles se trouve à Uzès, à respectivement 27 km, 38 km et 39 km de ces lieux d’intérêt : Parc des expositions de Nîmes, Gare d'Avignon-Centre et Palais des Papes d'Avignon....",uzs,4.4196718,44.0121279,21.23625,26.375,21.23625,25.607916666666668
232,Uzes,La petite hostellerie,https://www.booking.com/hotel/fr/la-petite-hostellerie-uzes1.fr.html,9.0,44.0108258,4.4177601,"L’établissement La petite hostellerie vous accueille à Uzès, à respectivement 40 km et 48 km de ces lieux d’intérêt : Gare TGV d'Avignon et Parc des expositions d'Avignon. ",uzs,4.4196718,44.0121279,21.23625,26.375,21.23625,25.607916666666668
233,Uzes,appartement a 50 m de la place aux herbes,https://www.booking.com/hotel/fr/appartement-a-50-m-de-la-place-aux-herbes.fr.html,9.1,44.011246,4.418813,"L’hébergement appartement a 50 m de la place aux herbes vous accueille à Uzès, à respectivement 27 km, 38 km et 38 km de ces lieux d’intérêt : Parc des expositions de Nîmes, Gare d'Avignon-Centre et...",uzs,4.4196718,44.0121279,21.23625,26.375,21.23625,25.607916666666668
234,Uzes,Serenity Uzès - Studio,https://www.booking.com/hotel/fr/serenity-and-comfort-at-the-centre-d-uzes-studio.fr.html,10.0,44.0096647,4.4180397,"Situé à Uzès, l’hébergement Serenity Uzès - Studio met à votre disposition une connexion Wi-Fi gratuite et offre une vue sur la ville. ",uzs,4.4196718,44.0121279,21.23625,26.375,21.23625,25.607916666666668
235,Uzes,"La suite Kyoto, appartement privé Uzès",https://www.booking.com/hotel/fr/la-suite-kyoto-appartement-prive-uzes.fr.html,9.6,44.0136116,4.4213639,"L’hébergement La suite Kyoto, appartement privé Uzès se situe à Uzès, à 27 km de ce lieu d’intérêt : Parc des expositions de Nîmes. ",uzs,4.4196718,44.0121279,21.23625,26.375,21.23625,25.607916666666668
236,Nimes,Maison Albar Hotels L’Imperator,https://www.booking.com/hotel/fr/imperator-nimes.fr.html,9.1,43.83866612768399,4.352767914533615,"La Maison Albar Hotels L’Imperator est un hôtel situé dans la ville de Nîmes, près des jardins de la Fontaine et à moins de 5 minutes à pied du temple romain Maison Carrée et du musée Carrée d’Art. ",nms,4.3600687,43.8374249,22.26625,27.875,22.26625,25.30680555555556
237,Nimes,Margaret - Hôtel Chouleur,https://www.booking.com/hotel/fr/margaret-chouleur.fr.html,9.0,43.837117,4.357898,L’établissement Margaret - Hôtel Chouleur bénéficie d’un emplacement idéal à Nîmes. ,nms,4.3600687,43.8374249,22.26625,27.875,22.26625,25.30680555555556
238,Nimes,Jardins Secrets,https://www.booking.com/hotel/fr/jardins-secrets-nimes.fr.html,9.1,43.83470575029483,4.36731219291687,"Situé à Nîmes, l'hôtel Jardins Secrets occupe une auberge datant du XVIIIe siècle, dissimulée dans un jardin fleuri isolé de style méditerranéen. ",nms,4.3600687,43.8374249,22.26625,27.875,22.26625,25.30680555555556
239,Nimes,B&B HOTEL Nîmes Centre Arènes,https://www.booking.com/hotel/fr/b-amp-b-nimes-centre-ville.fr.html,8.4,43.8281614,4.354790200000025,"Situé à Nîmes, à 950 mètres des arènes, le B&B HOTEL Nîmes Centre Arènes propose une connexion Wi-Fi gratuite. Les chambres climatisées disposent d’une télévision à écran plat. ",nms,4.3600687,43.8374249,22.26625,27.875,22.26625,25.30680555555556
240,Nimes,ibis budget Nimes Centre Gare,https://www.booking.com/hotel/fr/ibis-budget-nimes-centre-gare.fr.html,8.1,43.832055902146784,4.3673644959926605,"Situé à seulement 50 mètres de la gare de Nîmes, l'ibis Budget Nîmes Centre Gare vous propose une réception ouverte 24h/24, une bagagerie et une connexion Wi-Fi gratuite dans l'ensemble de...",nms,4.3600687,43.8374249,22.26625,27.875,22.26625,25.30680555555556
241,Nimes,ibis Styles Nimes Gare Centre,https://www.booking.com/hotel/fr/ibis-styles-nimes-centre-gare.fr.html,8.2,43.83175754591007,4.36697356402874,"Situé en face de la gare de Nîmes, cet hôtel propose des chambres abordables dotées d'une connexion Wi-Fi gratuite et de la télévision par satellite. ",nms,4.3600687,43.8374249,22.26625,27.875,22.26625,25.30680555555556
242,Nimes,Best Western Marquis de la Baume,https://www.booking.com/hotel/fr/ha-tel-la-baume.fr.html,8.2,43.83959475654075,4.3610841035842896,"Situé dans le centre de la ville historique de Nîmes, le Best Western Marquis de la Baume occupe une maison de ville du XVIIe siècle, à seulement 3,7 km du parc des expositions de Nîmes et à 650...",nms,4.3600687,43.8374249,22.26625,27.875,22.26625,25.30680555555556
243,Nimes,ibis Nîmes Ouest - A9,https://www.booking.com/hotel/fr/ibis-na-r-mes-ouest.fr.html,8.1,43.81389058589602,4.34434175491333,"Situé à côté de la sortie 25 sur l’autoroute A9, l’ibis Nîmes Ouest - A9 se trouve à 4 km du centre-ville de Nîmes et à 12 km de l’aéroport de Nîmes. ",nms,4.3600687,43.8374249,22.26625,27.875,22.26625,25.30680555555556
244,Nimes,Comfort Aparthotel Nimes Centre,https://www.booking.com/hotel/fr/adagio-access-nimes.fr.html,8.0,43.83249328044521,4.367856681346893,"Le Comfort Aparthotel Nîmes Centre est une résidence respectueuse de l’environnement située à Nîmes. Le parc des expositions vous attend à 1,6 km. Une connexion Wi-Fi gratuite est disponible. ",nms,4.3600687,43.8374249,22.26625,27.875,22.26625,25.30680555555556
245,Nimes,Royal Hôtel,https://www.booking.com/hotel/fr/royal.fr.html,8.4,43.83881509620307,4.3548184633255005,"Situé au cœur de Nîmes, le Royal Hôtel dispose d'un restaurant sur place, La Bodéguita, qui s'ouvre sur la place Assas. ",nms,4.3600687,43.8374249,22.26625,27.875,22.26625,25.30680555555556
246,Aigues Mortes,La Villa Mazarin,https://www.booking.com/hotel/fr/la-villa-mazarin.fr.html,9.2,43.56498661964503,4.191751956841472,"Set in a building dating from the 15th century, La Villa Mazarin is located in the fortified city of Aigues-Mortes. It offers a terrace and guests can enjoy a drink at the bar. ",agm,4.19154,43.5661521,20.11,28.125,20.11,27.067222222222224
247,Aigues Mortes,Boutique Hôtel des Remparts & Spa,https://www.booking.com/hotel/fr/les-remparts-aigues-mortes.fr.html,9.4,43.568035521418736,4.190343797190508,"Aménagé dans une ancienne base militaire datant du XVIIIe siècle, au sein des remparts médiévaux d'Aigues-Mortes, le Boutique Hôtel des Remparts & Spa est un établissement raffiné, doté d'un bar et...",agm,4.19154,43.5661521,20.11,28.125,20.11,27.067222222222224
248,Aigues Mortes,Hôtel Le Médiéval- Parking inclus,https://www.booking.com/hotel/fr/le-medieval.fr.html,8.8,43.57186625316511,4.19366168974193,"L'Hôtel Le Médiéval- Parking inclus est situé sur les rives du canal d'Aigues-Mortes, à 30 km de Montpellier. ",agm,4.19154,43.5661521,20.11,28.125,20.11,27.067222222222224
249,Aigues Mortes,Hôtel les jardins du canal - piscine chauffée - parking - garage - bornes électriques,https://www.booking.com/hotel/fr/canal-aigues-mortes.fr.html,8.7,43.572987520084624,4.194824695587158,"L’hôtel Canal Aigues Mortes vous accueille sur les rives du canal, à 5 minutes à pied de la ville fortifiée. Vous pourrez profiter d’une vue sur le canal depuis sa terrasse panoramique et sa piscine. ",agm,4.19154,43.5661521,20.11,28.125,20.11,27.067222222222224
250,Aigues Mortes,Maison des Croisades,https://www.booking.com/hotel/fr/des-croisades.fr.html,8.9,43.5689974,4.18829819999996,"Possédant une terrasse, l’établissement Maison des Croisades vous accueille à Aigues-Mortes dans la région Languedoc-Roussillon, à respectivement 22 km et 23 km de ces lieux d’intérêt : Parc des...",agm,4.19154,43.5661521,20.11,28.125,20.11,27.067222222222224
251,Aigues Mortes,"Hôtel-Restaurant ""Chez Carrière""",https://www.booking.com/hotel/fr/restaurant-quot-chez-carriere-quot.fr.html,8.8,43.56651350885335,4.191158152149569,"L'Hôtel-Restaurant ""Chez Carrière"" est situé à Aigues-Mortes. Cet hôtel dispose d'une connexion Wi-Fi gratuite et d'une terrasse. Vous séjournerez dans le quartier médiéval d'Aigues-Mortes. ",agm,4.19154,43.5661521,20.11,28.125,20.11,27.067222222222224
252,Aigues Mortes,"Hotel Des 4 Vents ""Esprit Camargue"" Parking Privé securisé",https://www.booking.com/hotel/fr/des-4-vents.fr.html,8.5,43.57702546263962,4.1975390911102295,"L'Hotel Des 4 Vents ""Esprit Camargue"" Parking Privé securisé est situé à Aigues-Mortes, sur la côte méditerranéenne, à 40 km de Nîmes et à 35 km de Montpellier. ",agm,4.19154,43.5661521,20.11,28.125,20.11,27.067222222222224
253,Aigues Mortes,Maison « l’effet-mère »en rez de chaussée ,https://www.booking.com/hotel/fr/maison-l-effet-mere-en-rez-de-chaussee.fr.html,9.4,43.568085130564,4.193533346966,"L’hébergement Maison « l’effet-mère »en rez de chaussée vous accueille à Aigues-Mortes, à respectivement 23 km et 24 km de ces lieux d’intérêt : Parc des expositions de Montpellier et Salle de concert...",agm,4.19154,43.5661521,20.11,28.125,20.11,27.067222222222224
254,Aigues Mortes,Marcelle en Camargue,https://www.booking.com/hotel/fr/marcelle-en-camargue.fr.html,9.7,43.5661556,4.192345,"Situé à Aigues-Mortes, l’établissement Marcelle en Camargue possède une piscine extérieure ouverte en saison, un jardin, une terrasse et un bar. ",agm,4.19154,43.5661521,20.11,28.125,20.11,27.067222222222224
255,Aigues Mortes,Les suites du 17,https://www.booking.com/hotel/fr/les-suites-du-17.fr.html,9.1,43.566227,4.191121,"L’établissement Les suites du 17 se situe à Aigues-Mortes, à 23 km de ce lieu d’intérêt : Parc des expositions de Montpellier. ",agm,4.19154,43.5661521,20.11,28.125,20.11,27.067222222222224
256,Saintes Maries de la mer,Mas Des Salicornes,https://www.booking.com/hotel/fr/mas-des-salicornes.fr.html,9.3,43.45687142239208,4.426175951957703,"Le Mas Des Salicornes est un hôtel de campagne qui vous accueille à seulement 10 minutes à pied de la plage, au cœur de la Provence. ",smm,4.4277202,43.4515922,19.32125,23.0,19.32125,25.97236111111111
257,Saintes Maries de la mer,Lodge Sainte Helene Adult only,https://www.booking.com/hotel/fr/lodge-sainte-helene.fr.html,9.3,43.46575555626723,4.413934350013733,"L’établissement Lodge Sainte Helene Adult only se trouve à Saintes-Maries-de-la-Mer, à 37 km de ce lieu d’intérêt : Arènes d'Arles. ",smm,4.4277202,43.4515922,19.32125,23.0,19.32125,25.97236111111111
258,Saintes Maries de la mer,Hotel Lou Marquès,https://www.booking.com/hotel/fr/lou-marques.fr.html,9.1,43.4551249427373,4.42874014377594,"Le Lou Marquès est situé aux Saintes-Maries-de-la-Mer, dans le parc naturel régional de Camargue.  Il propose une connexion Wi-Fi gratuite et une terrasse bien exposée. ",smm,4.4277202,43.4515922,19.32125,23.0,19.32125,25.97236111111111
259,Saintes Maries de la mer,Hôtel Casa Marina,https://www.booking.com/hotel/fr/casa-marina-saintes-maries-de-la-mer.fr.html,8.9,43.451133,4.430953,"L’établissement Hôtel Casa Marina vous accueille en bord de mer à Saintes-Maries-de-la-Mer, à 39 km de ce lieu d’intérêt : Arènes d'Arles. ",smm,4.4277202,43.4515922,19.32125,23.0,19.32125,25.97236111111111
260,Saintes Maries de la mer,Le Dauphin Bleu,https://www.booking.com/hotel/fr/le-dauphin-bleu.fr.html,8.5,43.45233085980016,4.433649927377701,"Situé à 50 mètres de la plage, face à la mer Méditerranée, l’établissement Le Dauphin Bleu vous accueille à 400 mètres du centre de la vieille ville historique des Saintes-Maries-de-la-Mer. ",smm,4.4277202,43.4515922,19.32125,23.0,19.32125,25.97236111111111
261,Saintes Maries de la mer,Hotel La Tramontane,https://www.booking.com/hotel/fr/la-tramontane.fr.html,8.8,43.4726010948223,4.410120248794556," L'établissement Hotel La Tramontane vous accueille aux Saintes-Maries-de-la-Mer, au cœur de la Camargue. ",smm,4.4277202,43.4515922,19.32125,23.0,19.32125,25.97236111111111
262,Saintes Maries de la mer,Hotel Les Palmiers En Camargue,https://www.booking.com/hotel/fr/les-palmiers-en-camargue.fr.html,8.2,43.45106617843045,4.4250936806201935,"Doté d'une connexion Wi-Fi gratuite, l'Hotel Les Palmiers En Camargue est situé à Saintes-Maries-de-la-Mer, à 100 mètres des plages de sable et à 200 mètres de l'église des Saintes-Maries. ",smm,4.4277202,43.4515922,19.32125,23.0,19.32125,25.97236111111111
263,Saintes Maries de la mer,Hôtel Restaurant Les Arnelles,https://www.booking.com/hotel/fr/les-arnelles.fr.html,8.5,43.46095607974298,4.422318935394287,"Located in the heart of the Camargue Regional Natural Park, Les Arnelles features an outdoor swimming pool, a garden, and a terrace in Les Saintes-Marie-de-la-Mer. ",smm,4.4277202,43.4515922,19.32125,23.0,19.32125,25.97236111111111
264,Saintes Maries de la mer,Mas de la Grenouillère Hôtel et Centre équestre en pleine nature,https://www.booking.com/hotel/fr/ha-tel-mas-de-la-grenouilla-re.fr.html,8.3,43.47145265577682,4.401826858520508,Bienvenue au Mas de la Grenouillère: Votre escapade idéale en Camargue! ,smm,4.4277202,43.4515922,19.32125,23.0,19.32125,25.97236111111111
265,Saintes Maries de la mer,Hôtel Les Arcades,https://www.booking.com/hotel/fr/ha-tel-les-arcades.fr.html,8.9,43.45262779808949,4.430766552686691,L’Hôtel Les Arcades est situé à seulement 100 mètres de la plage la plus proche et à 400 mètres de l'église des Saintes-Maries-de-la-Mer. ,smm,4.4277202,43.4515922,19.32125,23.0,19.32125,25.97236111111111
266,Collioure,Maison Nova - Boutique Hôtel & Spa,https://www.booking.com/hotel/fr/boutique-maison-nova.fr.html,9.2,42.5288828,3.0793938,"L’établissement Maison Nova - Boutique Hôtel & Spa se situe à Collioure, à 600 mètres de ce lieu d’intérêt : Plage Boramar. ",clr,3.0831554,42.52505,21.275,49.875,21.275,33.41111111111112
267,Collioure,Les Roches Brunes,https://www.booking.com/hotel/fr/les-roches-brunes-collioure.fr.html,9.2,42.52534777273077,3.0903244632682725,"L’établissement Les Roches Brunes se trouve à Collioure, à quelques pas de ce lieu d’intérêt : Plage La Balette. Il propose un jardin, une terrasse, un restaurant et un parking privé gratuit. ",clr,3.0831554,42.52505,21.275,49.875,21.275,33.41111111111112
268,Collioure,Hôtel La Casa Pairal,https://www.booking.com/hotel/fr/hotelcasapairal.fr.html,9.1,42.5261673320343,3.082355707883835,"Situé à 250 mètres de la plage et du port de Collioure, l’Hôtel La Casa Pairal propose un jardin fleuri exotique et une piscine extérieure chauffée. ",clr,3.0831554,42.52505,21.275,49.875,21.275,33.41111111111112
269,Collioure,Le Mas des Citronniers,https://www.booking.com/hotel/fr/lesmasdescitronniers.fr.html,8.5,42.52538158720205,3.082563914358616,"L'hôtel ne possède pas de parking privé, mais quelques places de stationnement gratuites sont disponibles en face de l'établissement. ",clr,3.0831554,42.52505,21.275,49.875,21.275,33.41111111111112
270,Collioure,Hôtel Princes de Catalogne,https://www.booking.com/hotel/fr/princes-de-catalogne.fr.html,8.3,42.52591431339357,3.0826815962791443,"Installé dans la ville pittoresque de Collioure, l’Hôtel Princes de Catalogne vous accueille sur une place tranquille, à 400 mètres de la plage. ",clr,3.0831554,42.52505,21.275,49.875,21.275,33.41111111111112
271,Collioure,Grand Hotel Du Golfe - Spa & Restaurant,https://www.booking.com/hotel/fr/grand-du-golfe.fr.html,8.8,42.53378310875555,3.064337968826294,"Installé sur la Corniche, le Grand Hotel Du Golfe - Spa & Restaurant est un établissement design 4 étoiles datant des années 1970, situé à seulement 5 minutes à pied des calanques et à 10 minutes de...",clr,3.0831554,42.52505,21.275,49.875,21.275,33.41111111111112
272,Collioure,Le Relais Des Trois Mas,https://www.booking.com/hotel/fr/le-relais-des-trois-mas.fr.html,8.9,42.52417280573015,3.0893106758594517,"Doté d'une terrasse avec piscine donnant sur la mer Méditerranée, l'établissement Le Relais Des Trois Mas propose un hébergement confortable dans un cadre provençal. ",clr,3.0831554,42.52505,21.275,49.875,21.275,33.41111111111112
273,Collioure,Hotel Le Bon Port,https://www.booking.com/hotel/fr/le-bon-port.fr.html,8.5,42.524114491069405,3.0893656611442566,"Situé à quelques mètres du moulin à vent de La Cortina, l’Hotel Le Bon Port surplombe élégamment la mer et la baie de Collioure, son château royal et le célèbre clocher de Notre Dame des Anges. ",clr,3.0831554,42.52505,21.275,49.875,21.275,33.41111111111112
274,Collioure,Logis Hôtel le Triton,https://www.booking.com/hotel/fr/triton.fr.html,7.6,42.52371617082933,3.08713473379612,"Situé sur la plage du Boutiquet, l’Logis Hôtel le Triton propose des chambres climatisées donnant sur la baie de Collioure ou sur les Pyrénées. ",clr,3.0831554,42.52505,21.275,49.875,21.275,33.41111111111112
275,Collioure,Chambre_privée_Collioure_centre,https://www.booking.com/hotel/fr/chambre-privee-collioure-centre.fr.html,9.2,42.526851,3.083962,"L’hébergement Chambre_privée_Collioure_centre se trouve à Collioure, à respectivement quelques pas et 70 mètres de ces lieux d’intérêt : Plage Boramar et Château Royal de Collioure. ",clr,3.0831554,42.52505,21.275,49.875,21.275,33.41111111111112
276,Carcassonne,Le Meez,https://www.booking.com/hotel/fr/le-meez-carcassonne.fr.html,9.1,43.206838,2.382095,"L’établissement Le Meez se trouve à Carcassonne, à 2,6 km de ce lieu d’intérêt : Memorial House (Maison des Memoires). ",crc,2.3491069,43.2130358,21.6425,49.125,21.6425,32.875277777777775
277,Carcassonne,Hôtel Le Parc - La Table de Franck Putelat,https://www.booking.com/hotel/fr/ha-tel-restaurant-le-parc-franck-putelat.fr.html,9.2,43.20136837496012,2.3602621257305145,"Situé à 500 mètres de la cité médiévale de Carcassonne, l'Hôtel Le Parc - La Table de Franck Putelat propose une connexion Wi-Fi gratuite, des chambres desservies par un ascenseur et un restaurant 2...",crc,2.3491069,43.2130358,21.6425,49.125,21.6425,32.875277777777775
278,Carcassonne,Hôtel La Bastide Saint Martin,https://www.booking.com/hotel/fr/hostellerie-saint-martin-carcassonne.fr.html,9.1,43.22714696227106,2.3963995277881622,La Bastide Saint Martin is set 5 km from the centre and the fortified city of Carcassonne and the Canal du Midi and offers free WiFi access and air-conditioned rooms. ,crc,2.3491069,43.2130358,21.6425,49.125,21.6425,32.875277777777775
279,Carcassonne,Domaine d'Auriac - Relais & Châteaux,https://www.booking.com/hotel/fr/domaine-d-auriac.fr.html,9.1,43.191770313736136,2.334680557250977,"Doté d'une piscine extérieure ouverte en saison, d'une terrasse et d'un restaurant étoilé au guide Michelin, le Domaine d'Auriac est situé à Carcassonne. La connexion Wi-Fi est gratuite. ",crc,2.3491069,43.2130358,21.6425,49.125,21.6425,32.875277777777775
280,Carcassonne,GOOD KNIGHT,https://www.booking.com/hotel/fr/good-knight.fr.html,8.7,43.207746,2.366914,"L’établissement GOOD KNIGHT se trouve à Carcassonne, à 50 km de ce lieu d’intérêt : Termes Chateau. Il propose un jardin, une terrasse et un parking privé gratuit. ",crc,2.3491069,43.2130358,21.6425,49.125,21.6425,32.875277777777775
281,Carcassonne,Hotel du Roi & Spa by SOWELL COLLECTION,https://www.booking.com/hotel/fr/soleilvacances-du-roi.fr.html,8.3,43.21085,2.357769,"Situé à Carcassonne, l’établissement Hotel du Roi & Spa by SOWELL COLLECTION possède un jardin, une terrasse, un restaurant et un bar. ",crc,2.3491069,43.2130358,21.6425,49.125,21.6425,32.875277777777775
282,Carcassonne,SOWELL HOTELS Les Chevaliers,https://www.booking.com/hotel/fr/soleil-vacances-les-chevaliers.fr.html,8.2,43.21103244477474,2.3581999522190245,"Situé à Carcassonne, à 2 minutes à pied de l'Aude et offrant une vue sur le pont Vieux, le SOWELL HOTELS Les Chevaliers propose une connexion Wi-Fi gratuite. ",crc,2.3491069,43.2130358,21.6425,49.125,21.6425,32.875277777777775
283,Carcassonne,Kyriad Carcassonne - Aéroport,https://www.booking.com/hotel/fr/kyriad-carcassonne-ouest-la-cita-c-xml.fr.html,8.0,43.20795783313866,2.312631458044052,"L’établissement Kyriad Carcassonne - Aéroport se situe à Carcassonne, à 3,9 km de ce lieu d’intérêt : IUT de Perpignan - Campus de Carcassonne. ",crc,2.3491069,43.2130358,21.6425,49.125,21.6425,32.875277777777775
284,Carcassonne,Hôtel l'Aragon,https://www.booking.com/hotel/fr/l-aragon.fr.html,8.5,43.2077994786468,2.3673471808433533,"Situé à seulement 50 mètres du centre historique de Carcassonne dans l'Aude, l'hôtel l'Aragon propose une connexion Wi-Fi gratuite dans l'ensemble de ses locaux, un parking privé accessible sans frais...",crc,2.3491069,43.2130358,21.6425,49.125,21.6425,32.875277777777775
285,Carcassonne,ibis Carcassonne Est la Cité,https://www.booking.com/hotel/fr/ibis-berriac-2.fr.html,8.0,43.20925202357567,2.3867475986480717,L'ibis Carcassonne Est la Cité se trouve à 5 minutes en voiture du centre-ville de Carcassonne et à 1 km de la partie médiévale de la ville. ,crc,2.3491069,43.2130358,21.6425,49.125,21.6425,32.875277777777775
286,Ariege,Camping Portes d'Ariege,https://www.booking.com/hotel/fr/camping-portes-d-ariege.fr.html,9.2,43.12481697810204,1.6023459630431969,"L’établissement Camping Portes d'Ariege vous accueille à Pamiers, à 19 km de ce lieu d’intérêt : La ferme aux bisons. ",arg,1.4065544,42.9455368,18.475,43.0,18.475,33.297222222222224
287,Ariege,Château de Roques,https://www.booking.com/hotel/fr/chateau-de-roques.fr.html,9.1,43.09194,1.778273,"L’établissement Château de Roques se situe à Teilhet, à 8 km de ce lieu d’intérêt : La ferme aux bisons. ",arg,1.4065544,42.9455368,18.475,43.0,18.475,33.297222222222224
288,Ariege,Mercure Ax Les Thermes,https://www.booking.com/hotel/fr/mercure-ax-les-thermes.fr.html,9.1,42.722361,1.839916,"L’établissement Mercure Ax Les Thermes vous accueille à Ax-les-Thermes, à 49 km de ce lieu d’intérêt : Meritxell sanctuary. ",arg,1.4065544,42.9455368,18.475,43.0,18.475,33.297222222222224
289,Ariege,Hôtel Le Bellevue,https://www.booking.com/hotel/fr/restaurant-le-bellevue-ax-les-thermes.fr.html,8.4,42.71983699138773,1.8418669243980048,"L’établissement Hôtel Le Bellevue se trouve à Ax-les-Thermes, à 48 km de ce lieu d’intérêt : Meritxell sanctuary. ",arg,1.4065544,42.9455368,18.475,43.0,18.475,33.297222222222224
290,Ariege,Brit Hotel Confort Foix,https://www.booking.com/hotel/fr/hotel-balladins-foix-confort.fr.html,8.0,43.00523949646403,1.6147595643997192,Brit Hotel Confort Foix is ideally located at the foot of the Pyrénées Mountains and offers well-equipped rooms designed for ultimate comfort with en suite facilities and free WiFi access. ,arg,1.4065544,42.9455368,18.475,43.0,18.475,33.297222222222224
291,Ariege,Résidence Le Grand Tétras- SPA THERMAL INCLUS,https://www.booking.com/hotel/fr/residence-le-grand-tetras-ax-les-thermes.fr.html,8.4,42.721329,1.839279,"L’établissement Résidence Le Grand Tétras- SPA THERMAL INCLUS vous accueille à Ax-les-Thermes, à 48 km de ce lieu d’intérêt : Meritxell sanctuary. Il offre une vue sur la montagne. ",arg,1.4065544,42.9455368,18.475,43.0,18.475,33.297222222222224
292,Ariege,Chalet Hotel Les Marmottes 2 étoiles NN,https://www.booking.com/hotel/fr/chalet-les-marmottes-montferrier.fr.html,8.8,42.84528016217312,1.7411398887634275,"L’établissement Chalet Hotel Les Marmottes 2 étoiles NN se situe à Montferrier, à 18 km de ce lieu d’intérêt : Château de Montségur. ",arg,1.4065544,42.9455368,18.475,43.0,18.475,33.297222222222224
293,Ariege,Hotel Logis - Chateau de Beauregard,https://www.booking.com/hotel/fr/chateau-de-beauregard.fr.html,8.4,42.97737629547595,1.146247386932373,"Doté d'une piscine extérieure, le Château de Beauregard se trouve à Beauregard, à seulement 1 km de Saint-Girons. ",arg,1.4065544,42.9455368,18.475,43.0,18.475,33.297222222222224
294,Ariege,Hôtel Le Lons,https://www.booking.com/hotel/fr/restaurant-lons.fr.html,8.3,42.96563237826109,1.6089418530464172,"Situé dans le centre médiéval de Foix, à la frontière du parc naturel régional des Pyrénées, l'Hotel Lons propose des chambres avec salle de bains privative et connexion Wi-Fi gratuite. ",arg,1.4065544,42.9455368,18.475,43.0,18.475,33.297222222222224
295,Ariege,Le Manoir d'Agnès Logis hôtel restaurant,https://www.booking.com/hotel/fr/le-manoir-d-agnes.fr.html,8.7,42.84354286372162,1.601606011390686,L'établissement Le Manoir d'Agnès Logis hôtel restaurant est situé dans le village des Pyrénées de Tarascon-sur-Ariège. ,arg,1.4065544,42.9455368,18.475,43.0,18.475,33.297222222222224
296,Toulouse,Hotel Arena Toulouse,https://www.booking.com/hotel/fr/arena-toulouse.fr.html,9.0,43.5843376998005,1.49191968227842,"L’établissement Hotel Arena Toulouse vous accueille à Toulouse, à 7,3 km de ce lieu d’intérêt : Stadium de Toulouse. Il offre une vue sur le jardin. ",tls,1.4442433,43.6044638,21.9225,38.0,21.9225,28.949166666666667
297,Toulouse,Sangha Toulouse,https://www.booking.com/hotel/fr/sangha-toulouse.fr.html,9.0,43.601635423984,1.407013156361,"Possédant un bar, l’établissement Sangha Toulouse vous accueille à Toulouse dans la région Midi-Pyrénées, à respectivement 500 mètres et 2 km de ces lieux d’intérêt : Zénith de Toulouse et...",tls,1.4442433,43.6044638,21.9225,38.0,21.9225,28.949166666666667
298,Toulouse,Boutique Hotel SOCLO,https://www.booking.com/hotel/fr/soclo.fr.html,9.3,43.60536,1.438261,"Situé à Toulouse, l’établissement Boutique Hotel SOCLO possède une piscine extérieure ouverte en saison, un jardin, un salon commun et une terrasse. ",tls,1.4442433,43.6044638,21.9225,38.0,21.9225,28.949166666666667
299,Toulouse,"FirstName Toulouse, part of JdV by Hyatt",https://www.booking.com/hotel/fr/toulouse-centre.fr.html,9.1,43.6084843,1.4534278,"L’établissement FirstName Toulouse, part of JdV by Hyatt bénéficie d’un emplacement de choix à Toulouse. ",tls,1.4442433,43.6044638,21.9225,38.0,21.9225,28.949166666666667
300,Toulouse,The Social Hub Toulouse,https://www.booking.com/hotel/fr/the-social-hub-toulouse.fr.html,8.7,43.610053,1.43037,L’établissement The Social Hub Toulouse bénéficie d’une situation géographique idéale à Toulouse. ,tls,1.4442433,43.6044638,21.9225,38.0,21.9225,28.949166666666667
301,Toulouse,Mama Shelter Toulouse,https://www.booking.com/hotel/fr/mama-shelter-toulouse.fr.html,8.5,43.605414,1.449934,"Le Mama Shelter Toulouse propose des logements à Toulouse, à 2,2 km du parc des expositons, à 2,8 km du Stadium et à 3,3 km du Zénith. ",tls,1.4442433,43.6044638,21.9225,38.0,21.9225,28.949166666666667
302,Toulouse,B&B HOTEL Toulouse Cité de l'Espace Gonord,https://www.booking.com/hotel/fr/ibis-budget-toulouse-espace-1.fr.html,8.0,43.584778,1.491708000000017,"Situé à Toulouse, le B&B HOTEL Toulouse Cité de l'Espace Gonord possède une réception ouverte 24h/24 et un distributeur automatique. L’établissement se trouve à 11 km de l’aéroport de...",tls,1.4442433,43.6044638,21.9225,38.0,21.9225,28.949166666666667
303,Toulouse,Hôtel La Chartreuse,https://www.booking.com/hotel/fr/ha-tel-la-chartreuse.fr.html,8.1,43.6100905,1.4530465999999933,"Doté d'une terrasse, d'une bagagerie et d'une connexion Wi-Fi gratuite, l'Hôtel La Chartreuse propose des hébergements à Toulouse, à 140 mètres de la gare de Toulouse-Matabiau et à 10 minutes de...",tls,1.4442433,43.6044638,21.9225,38.0,21.9225,28.949166666666667
304,Toulouse,Hôtel Le Père Léon,https://www.booking.com/hotel/fr/ha-tel-le-pa-re-la-c-on.fr.html,8.5,43.60043698506804,1.443997398018837,"L’Hôtel Le Père Léon est un établissement 3 étoiles situé dans le centre de Toulouse, juste en face de la station de métro Esquirol et à 3 km du Stadium de Toulouse. ",tls,1.4442433,43.6044638,21.9225,38.0,21.9225,28.949166666666667
305,Toulouse,Ibis Styles Toulouse Capitole,https://www.booking.com/hotel/fr/du-taur.fr.html,8.9,43.60490588615922,1.4431337267160416,"L'Ibis Styles Toulouse Capitole est situé dans le centre historique de Toulouse, sur la place du Capitole. Les chambres ont été rénovées en 2017. ",tls,1.4442433,43.6044638,21.9225,38.0,21.9225,28.949166666666667
306,Montauban,Hôtel Mercure Montauban,https://www.booking.com/hotel/fr/mercure.fr.html,9.0,44.015742070285896,1.354912519454956,"Cet hôtel Mercure occupe un édifice du XVIIIe siècle situé dans le quartier historique de Montauban, juste en face de la cathédrale et non loin du quartier d'affaires de la ville. ",mtb,1.3549991,44.0175835,21.3725,38.75,21.3725,29.626944444444447
307,Montauban,Dali Hôtel Montauban,https://www.booking.com/hotel/fr/dali-montauban.fr.html,8.9,44.020995559797,1.349240014017,"Situé à Montauban, l’établissement Dali Hôtel Montauban propose une terrasse, un restaurant, un spa et centre de bien-être et des hébergements. ",mtb,1.3549991,44.0175835,21.3725,38.75,21.3725,29.626944444444447
308,Montauban,Sure Hotel by Best Western Les Portes de Montauban,https://www.booking.com/hotel/fr/sure-by-best-western-les-portes-de-montauban.fr.html,8.8,43.9362872066926,1.32209782791136,"L’établissement Sure Hotel by Best Western Les Portes de Montauban se situe à Montauban, à 42 km de ce lieu d’intérêt : Amphithéâtre romain de Purpan-Ancely. ",mtb,1.3549991,44.0175835,21.3725,38.75,21.3725,29.626944444444447
309,Montauban,Centre Louis Ormières,https://www.booking.com/hotel/fr/centre-louis-ormieres.fr.html,8.4,43.990284,1.338824,"Occupant un ancien couvent à Montauban, à côté du Tarn, le Centre Louis Ormières vous propose un restaurant, un jardin, des salles de réception et une connexion Wi-Fi gratuite dans l’ensemble de ses...",mtb,1.3549991,44.0175835,21.3725,38.75,21.3725,29.626944444444447
310,Montauban,B&B HOTEL Montauban,https://www.booking.com/hotel/fr/b-amp-b-montauban.fr.html,8.0,44.040119650175065,1.3860239000000547,"Le B&B HOTEL Montauban propose des hébergements au nord de Montauban, à respectivement 45 et 50 minutes de route de Cahors et du centre de Toulouse. ",mtb,1.3549991,44.0175835,21.3725,38.75,21.3725,29.626944444444447
311,Montauban,Hôtel du Commerce,https://www.booking.com/hotel/fr/hotel-du-commerce-montauban.fr.html,8.4,44.01542572857878,1.354072988033295,"Situé dans le centre de Montauban, l'Hôtel du Commerce propose des chambres insonorisées dans un bâtiment rénové du XVIIIe siècle avec ascenseur. ",mtb,1.3549991,44.0175835,21.3725,38.75,21.3725,29.626944444444447
312,Montauban,Brit Hotel Confort Montauban,https://www.booking.com/hotel/fr/deltour-montauban-city.fr.html,8.4,43.980810842951904,1.330394446849823,"L’établissement Brit Hotel Confort Montauban se situe à Montauban, à respectivement 49 km et 48 km de ces lieux d’intérêt : Zénith de Toulouse et Pierre Baudis Japanese Garden. ",mtb,1.3549991,44.0175835,21.3725,38.75,21.3725,29.626944444444447
313,Montauban,Abbaye des Capucins Spa & Resort,https://www.booking.com/hotel/fr/abbaye-des-capucins-spa-and-resort.fr.html,8.5,44.020542927203735,1.3495668768882751,"L’Abbaye des Capucins Spa & Resort vous accueille à Montauban, à 30 minutes en voiture de Toulouse. ",mtb,1.3549991,44.0175835,21.3725,38.75,21.3725,29.626944444444447
314,Montauban,ibis Styles Montauban,https://www.booking.com/hotel/fr/ibis-styles-montauban.fr.html,8.7,44.00526,1.383153,"Situé à Montauban, l’établissement ibis Styles Montauban possède une terrasse. ",mtb,1.3549991,44.0175835,21.3725,38.75,21.3725,29.626944444444447
315,Montauban,Château de Loubéjac,https://www.booking.com/hotel/fr/chateau-de-loubejac.fr.html,8.6,44.0894414091139,1.34851889310085,"L’établissement Château de Loubéjac vous accueille à Montauban, à 2,7 km de ce lieu d’intérêt : Golf les Aiguillons. ",mtb,1.3549991,44.0175835,21.3725,38.75,21.3725,29.626944444444447
316,Biarritz,Hôtel & Espace Bien-être La Maison du Lierre,https://www.booking.com/hotel/fr/la-maison-du-lierre.fr.html,9.0,43.480133535313925,-1.560761332511902,"L’Hôtel & Espace Bien-être La Maison du Lierre se trouve à Biarritz, à 300 mètres de la plage ainsi qu’à 5 minutes du centre de congrès Bellevue, du casino et de la gare du Midi. ",brz,-1.5592776,43.4832523,21.253750000000004,60.25,21.253750000000004,36.88597222222222
317,Biarritz,Le Garage Biarritz Hôtel,https://www.booking.com/hotel/fr/le-garage-regina.fr.html,9.1,43.490592,-1.551697,"Situé en bord de mer, l’établissement Le Garage Biarritz Hôtel propose des hébergements 4 étoiles à Biarritz. Il possède une piscine extérieure ouverte en saison, une terrasse et un restaurant. ",brz,-1.5592776,43.4832523,21.253750000000004,60.25,21.253750000000004,36.88597222222222
318,Biarritz,Hôtel de La Plage,https://www.booking.com/hotel/fr/de-la-plage-biarritz.fr.html,9.3,43.482133269718496,-1.567530557513237,"L'Hôtel de la Plage vous accueille à Biarritz, en face de l'océan et à seulement 50 mètres de la plage du vieux-port. ",brz,-1.5592776,43.4832523,21.253750000000004,60.25,21.253750000000004,36.88597222222222
319,Biarritz,Hotel de Silhouette,https://www.booking.com/hotel/fr/de-silhouette-biarritz.fr.html,9.1,43.48106772604739,-1.563207507133484,"Located in the heart of Biarritz, this hotel is in the Halles district, 300 metres from the beaches. It features a 24-hour reception, a terrace in the private garden and air-conditioned rooms. ",brz,-1.5592776,43.4832523,21.253750000000004,60.25,21.253750000000004,36.88597222222222
320,Biarritz,ALFRED HOTELS Port-Vieux,https://www.booking.com/hotel/fr/georges-vi.fr.html,9.1,43.48218970895052,-1.5663591027259829,"Completely renovated in 2024, the Port-vieux hotel, formerly George VI, located in the center of Biarritz, 50 meters from the beach and a 2-minute walk from Les Halles, welcomes you in a new...",brz,-1.5592776,43.4832523,21.253750000000004,60.25,21.253750000000004,36.88597222222222
321,Biarritz,Hotel Edouard VII,https://www.booking.com/hotel/fr/edouard-vii.fr.html,9.2,43.479203222687474,-1.5622150897979736,"Situé à 5 minutes à pied des plages de Biarritz, l'Hôtel Edouard VII occupe une résidence du XIXe siècle, alliant charme d'antan et confort d'aujourd'hui. ",brz,-1.5592776,43.4832523,21.253750000000004,60.25,21.253750000000004,36.88597222222222
322,Biarritz,Hôtel Le Café de Paris,https://www.booking.com/hotel/fr/le-cafe-de-paris-4.fr.html,9.1,43.482718094375606,-1.5613406896591189,"L'Hôtel Le Café de Paris est situé dans le centre de Biarritz, sur la place piétonne Bellevue et à 5 minutes à pied des Halles. Toutes les chambres offrent une vue panoramique sur la mer. ",brz,-1.5592776,43.4832523,21.253750000000004,60.25,21.253750000000004,36.88597222222222
323,Biarritz,Hotel Saint Julien,https://www.booking.com/hotel/fr/saint-julien.fr.html,9.2,43.47913899555496,-1.5622754395008087,"Installé dans une résidence familiale datant du XIXe siècle, l'Hôtel Saint Julien est entouré de paisibles jardins. Il se situe à 2 minutes à pied du centre-ville de Biarritz. ",brz,-1.5592776,43.4832523,21.253750000000004,60.25,21.253750000000004,36.88597222222222
324,Biarritz,"Hôtel du Palais Biarritz, in The Unbound Collection by Hyatt",https://www.booking.com/hotel/fr/hoteldupalaisbiarritz.fr.html,9.5,43.48643904244932,-1.5562176704406738,"Cet hôtel 5 étoiles possède 2 piscines ainsi qu’un spa et une salle de sport avec hammam, bain à remous et massages. ",brz,-1.5592776,43.4832523,21.253750000000004,60.25,21.253750000000004,36.88597222222222
325,Biarritz,ALFRED HOTELS Les Halles,https://www.booking.com/hotel/fr/hotelanjou.fr.html,9.0,43.481694404236,-1.5630841255187988,"Entièrement rénové, l'hôtel se compose de 3 maisons de village, de 35 chambres réparties sur 3 étages, et de plateaux au cœur du quartier le plus commerçant de Biarritz, Les Halles, dans un lieu animé...",brz,-1.5592776,43.4832523,21.253750000000004,60.25,21.253750000000004,36.88597222222222
326,Bayonne,Hôtel Villa la Renaissance,https://www.booking.com/hotel/fr/villa-la-renaissance-bayonne.fr.html,9.2,43.482321,-1.468164,"L’établissement Hôtel Villa la Renaissance vous accueille à Bayonne, à 13 km de ce lieu d’intérêt : Gare de Biarritz La Négresse. ",byn,-1.4736657,43.4945144,22.26625,60.25,22.26625,36.09847222222222
327,Bayonne,Hôtel Villa KOEGUI Bayonne,https://www.booking.com/hotel/fr/villa-koegui-bayonne.fr.html,8.9,43.492371,-1.472588,"Situé à Bayonne, l’établissement Hôtel Villa KOEGUI Bayonne possède un salon commun, une terrasse, un restaurant et un bar. ",byn,-1.4736657,43.4945144,22.26625,60.25,22.26625,36.09847222222222
328,Bayonne,OKKO Hotels Bayonne Centre,https://www.booking.com/hotel/fr/okko-hotels-bayonne-centre.fr.html,8.1,43.49534430000001,-1.4825117999999975,"Installé à Bayonne, à seulement 700 mètres du centre-ville et de la cathédrale Sainte-Marie, l’OKKO Hotels Bayonne Centre vous propose des chambres climatisées et une connexion Wi-Fi gratuite dans...",byn,-1.4736657,43.4945144,22.26625,60.25,22.26625,36.09847222222222
329,Bayonne,Hôtel Le Bayonne,https://www.booking.com/hotel/fr/le-bayonne-ha-tel.fr.html,8.3,43.485026198989566,-1.4753705263137815,"Situé dans le centre-ville de Bayonne, en Aquitaine, l’Hôtel Le Bayonne dispose d’une piscine extérieure ouverte en saison. ",byn,-1.4736657,43.4945144,22.26625,60.25,22.26625,36.09847222222222
330,Bayonne,Hotel Loreak,https://www.booking.com/hotel/fr/comfort-bayonne-biarritz.fr.html,8.3,43.49349108918729,-1.4526334404945374,"Installé à 2 km du centre-ville de Bayonne, l’Hotel Loreak propose des hébergements avec une salle de bains privative, une connexion Wi-Fi gratuite et une télévision à écran plat. ",byn,-1.4736657,43.4945144,22.26625,60.25,22.26625,36.09847222222222
331,Bayonne,Hotel Cote Basque,https://www.booking.com/hotel/fr/cote-basque.fr.html,8.0,43.49618306480432,-1.4696010947227478,"L'Hotel Cote Basque est situé au cœur de la ville historique de Bayonne, en face du pont Saint-Esprit. Il propose une connexion Wi-Fi gratuite et des chambres avec salle de bains privative. ",byn,-1.4736657,43.4945144,22.26625,60.25,22.26625,36.09847222222222
332,Bayonne,ibis Styles Bayonne,https://www.booking.com/hotel/fr/loustau.fr.html,8.6,43.4954057411974,-1.4708241820335388,"Situé sur les rives de l'Adour et offrant une vue exceptionnelle sur la ville médiévale de Bayonne, l'ibis Styles Bayonne se trouve à quelques pas de la cathédrale du XIIe siècle. ",byn,-1.4736657,43.4945144,22.26625,60.25,22.26625,36.09847222222222
333,Bayonne,Hôtel des Basses Pyrénées - Bayonne,https://www.booking.com/hotel/fr/des-basses-pyrenees.fr.html,8.5,43.48841135250723,-1.47714337381899,"L'Hôtel des Basses Pyrénées - Bayonne est situé à Bayonne, à moins de 200 mètres de la cathédrale Sainte-Marie et à 11 minutes à pied du parc Ansot. ",byn,-1.4736657,43.4945144,22.26625,60.25,22.26625,36.09847222222222
334,Bayonne,Hotel Le Port Neuf,https://www.booking.com/hotel/fr/le-port-neuf.fr.html,8.1,43.49166880556409,-1.47638238966465,"L'Hotel Le Port Neuf vous accueille dans le centre historique de Bayonne, à 100 mètres de la cathédrale et à 300 mètres du musée basque. ",byn,-1.4736657,43.4945144,22.26625,60.25,22.26625,36.09847222222222
335,Bayonne,Hôtel Mercure Bayonne Centre Le Grand Hotel,https://www.booking.com/hotel/fr/bwlegrandhotel.fr.html,8.5,43.492311913537534,-1.476609706878662,"L’Hôtel Mercure Bayonne Centre Le Grand Hotel vous accueille à 5 km des plages de la côte atlantique, dans le centre-ville de Bayonne, une ville au patrimoine historique et culturel impressionnant. ",byn,-1.4736657,43.4945144,22.26625,60.25,22.26625,36.09847222222222
336,La Rochelle,Maison des Ambassadeurs,https://www.booking.com/hotel/fr/la-residence-de-france-residence-hoteliere.fr.html,9.0,46.16282553359586,-1.1511021852493286,"Situé au cœur de La Rochelle, dans un bâtiment datant du XVIIIe siècle, à seulement 5 minutes à pied du Vieux-Port, la Maison des Ambassadeurs propose une réception ouverte 24h/24 et un service de...",lrc,-1.1515951,46.159732,19.13625,49.875,19.13625,35.07458333333334
337,La Rochelle,Le Saint-Nicolas,https://www.booking.com/hotel/fr/comforthotelsaintnicolas.fr.html,9.1,46.1581345696256,-1.1489127710774485,"L’hôtel Le Saint-Nicolas vous accueille dans le quartier animé de Saint-Nicolas, à La Rochelle, à proximité de boutiques d’antiquités, de bars et de cafés. ",lrc,-1.1515951,46.159732,19.13625,49.875,19.13625,35.07458333333334
338,La Rochelle,Villa Grand Voile - Christopher Coutanceau,https://www.booking.com/hotel/fr/villa-grand-voile-christopher-coutanceau.fr.html,9.0,46.1577741,-1.1560836,L’établissement Villa Grand Voile - Christopher Coutanceau est idéalement placé à La Rochelle. ,lrc,-1.1515951,46.159732,19.13625,49.875,19.13625,35.07458333333334
339,La Rochelle,ibis Budget La Rochelle Centre gare,https://www.booking.com/hotel/fr/ibis-budget-la-rochelle-centre-la-rochelle.fr.html,8.3,46.157612347442985,-1.1403863916015688,"Proposant un salon commun, une terrasse et un bar, l’établissement ibis Budget La Rochelle Centre gare se trouve à La Rochelle, à 1,8 km de ce lieu d’intérêt : Plage de la Concurrence. ",lrc,-1.1515951,46.159732,19.13625,49.875,19.13625,35.07458333333334
340,La Rochelle,ibis Styles La Rochelle Centre Gare,https://www.booking.com/hotel/fr/greet-la-rochelle-centre.fr.html,8.2,46.15759748420619,-1.1404145740661709,"Situé à La Rochelle, l’établissement ibis Styles La Rochelle Centre Gare comprend une piscine extérieure ouverte en saison, un salon commun, une terrasse et un bar. ",lrc,-1.1515951,46.159732,19.13625,49.875,19.13625,35.07458333333334
341,La Rochelle,Hôtel La Fabrique,https://www.booking.com/hotel/fr/la-fabrique-la-rochelle.fr.html,8.4,46.156155,-1.14858300000003,L’Hôtel La Fabrique se trouve à La Rochelle. Les chambres sont dotées d’une télévision à écran plat. Vous profiterez d’une connexion Wi-Fi gratuite dans l’ensemble de l’établissement. ,lrc,-1.1515951,46.159732,19.13625,49.875,19.13625,35.07458333333334
342,La Rochelle,Central Park Hôtel & Spa,https://www.booking.com/hotel/fr/central-park-amp-spa.fr.html,8.7,46.15891332534751,-1.1608233546310205,"Le Central Park Hôtel & Spa est un établissement 4 étoiles situé à La Rochelle, à côté du Vieux-Port, à quelques minutes à pied de la plage et à 10 minutes de marche du cœur de la ville. ",lrc,-1.1515951,46.159732,19.13625,49.875,19.13625,35.07458333333334
343,La Rochelle,B&B HOTEL La Rochelle Centre,https://www.booking.com/hotel/fr/b-amp-b-la-rochelle-centre.fr.html,8.2,46.15450177174464,-1.144671639564535,"Situé dans le centre-ville de La Rochelle, à 500 mètres du parc des expositions, le B&B HOTEL La Rochelle Centre propose des chambres climatisées dotées d'une connexion Wi-Fi gratuite. ",lrc,-1.1515951,46.159732,19.13625,49.875,19.13625,35.07458333333334
344,La Rochelle,ibis Styles La Rochelle Centre Vieux Port,https://www.booking.com/hotel/fr/ibis-la-rochelle-centre.fr.html,8.2,46.15801589993504,-1.1539718239425838,"L’ibis Styles La Rochelle Centre Vieux Port est situé au cœur de La Rochelle, à 300 mètres de la plage de la Concurrence. ",lrc,-1.1515951,46.159732,19.13625,49.875,19.13625,35.07458333333334
345,La Rochelle,IBIS La Rochelle Vieux Port Centre,https://www.booking.com/hotel/fr/ibis-la-rochelle-vieux-port.fr.html,8.4,46.15582939999999,-1.14855799999998,"Situé dans le quartier du Vieux-Port, dans le centre-ville, l'IBIS La Rochelle Vieux Port Centre propose une connexion Wi-Fi gratuite dans l'ensemble des locaux, un bar, ainsi que des chambres...",lrc,-1.1515951,46.159732,19.13625,49.875,19.13625,35.07458333333334
